"Field","Type","Bangla","Bulgarian","Chinese (Simplified)","Croatian","Czech","Danish","Dutch","Estonian","Finnish","Filipino","French","German","Greek","Hindi","Icelandic","Hungarian","Indonesian","Italian","Japanese","Korean","Latvian","Lithuanian","Malay","Marathi","Norwegian","Polish","Portuguese","Romanian","Russian","Serbian","Slovak","Slovenian","Spanish","Kiswahili","Swedish","Tamil","Telugu","Thai","Turkish","Ukrainian","Vietnamese","English"
"ProductName","Text","Wohnly","Wohnly","Wohnly","Wohnly","Wohnly","Wohnly","Wohnly","Wohnly","Wohnly","Wohnly","Wohnly","Wohnly","Wohnly","Wohnly","Wohnly","Wohnly","Wohnly","Wohnly","Wohnly","Wohnly","Wohnly","Wohnly","Wohnly","Wohnly","Wohnly","Wohnly","Wohnly","Wohnly","Wohnly","Wohnly","Wohnly","Wohnly","Wohnly","Wohnly","Wohnly","Wohnly","Wohnly","Wohnly","Wohnly","Wohnly","Wohnly","Wohnly"
"Description","Text","Wohnly হল সর্বজনীন গৃহস্থালি ব্যবস্থাপনা অ্যাপ যা আপনাকে এবং আপনার পরিবারকে একসাথে সংগঠিত থাকতে সাহায্য করে। আপনি সঙ্গী, রুমমেট বা পরিবারের সাথে থাকুন না কেন, Wohnly সবাইকে একই পাতায় রাখে।

শেয়ার করা কাজের তালিকা, কেনাকাটার তালিকা, গৃহস্থালির কাজ, ব্যয়, খাবার পরিকল্পনা এবং একটি পারিবারিক ক্যালেন্ডার পরিচালনা করুন — সবকিছু এক জায়গায়। আপনার পরিবারের প্রতিটি সদস্য অবদান রাখতে পারেন, কাজ চিহ্নিত করতে পারেন এবং রিয়েল টাইমে আপডেট থাকতে পারেন।

মূল বৈশিষ্ট্যসমূহ:

শেয়ার করা কাজের তালিকা এবং ব্যক্তিগত কাজ
সহযোগিতামূলক কেনাকাটার তালিকা
ন্যায্য ভাগ বিশ্লেষণ সহ গৃহস্থালির কাজ ব্যবস্থাপনা
ব্যয় ট্র্যাকিং এবং বিভাজন
কেনাকাটার তালিকা ইন্টিগ্রেশন সহ খাবার পরিকল্পনা
ইভেন্ট এবং সময়সূচির জন্য পারিবারিক ক্যালেন্ডার
সহজ কোড দিয়ে সদস্য আমন্ত্রণ
গৃহস্থালির ডেটার এন্ড-টু-এন্ড এনক্রিপশন
সুন্দর ডার্ক এবং লাইট থিম
৪২টি ভাষায় উপলব্ধ
Windows, macOS, iOS, Android এবং ওয়েবে কাজ করে
Wohnly বিনামূল্যে ব্যবহার করা যায়। Google বা Apple দিয়ে সাইন ইন করুন, আপনার পরিবার তৈরি করুন এবং শুরু করতে পরিবার বা রুমমেটদের আমন্ত্রণ জানান।","Wohnly е универсалното приложение за управление на домакинството, което помага на вас и вашето семейство да останете организирани заедно. Независимо дали живеете с партньор, съквартиранти или семейство, Wohnly държи всички на едно и също ниво.

Управлявайте споделени списъци със задачи, списъци за пазаруване, домашни задължения, разходи, планове за хранене и домашен календар — всичко на едно място. Всеки член на домакинството може да допринася, да отбелязва задачи и да бъде в крак в реално време.

Основни функции:

Споделени списъци със задачи и лични задачи
Съвместни списъци за пазаруване
Управление на домашни задължения с анализ на справедливото разпределение
Проследяване и разделяне на разходи
Планиране на менюто с интеграция на списъка за пазаруване
Домашен календар за събития и графици
Покана на членове с прост код
Криптиране от край до край за данните на домакинството
Красиви тъмни и светли теми
Достъпно на 42 езика
Работи в Windows, macOS, iOS, Android и уеб
Wohnly е безплатно. Влезте с Google или Apple, създайте домакинство и поканете семейството или съквартирантите си, за да започнете.","Wohnly 是一款一体化家庭管理应用，帮助您和家人共同保持井井有条。无论您与伴侣、室友还是家人同住，Wohnly 都能让所有人保持同步。

管理共享待办清单、购物清单、家务分工、费用、饮食计划和家庭日历——一切尽在一处。家庭每位成员都能参与贡献、勾选任务，并实时获取最新动态。

主要亮点：

共享待办清单与个人任务
协作购物清单
家务管理与公平分担分析
费用追踪与分摊
饮食计划与购物清单联动
家庭日历，记录活动与日程
通过简单邀请码添加成员
家庭数据端对端加密
精美的深色与浅色主题
支持 42 种语言
适用于 Windows、macOS、iOS、Android 及网页端
Wohnly 完全免费。使用 Google 或 Apple 账号登录，创建您的家庭，邀请家人或室友即可开始使用。","Wohnly je sveobuhvatna aplikacija za upravljanje kućanstvom koja pomaže vama i vašoj obitelji ostati organiziranima zajedno. Bez obzira živite li s partnerom, cimericom ili obitelji, Wohnly drži sve na istoj valnoj duljini.

Upravljajte zajedničkim popisima zadataka, popisima za kupovinu, kućanskim poslovima, troškovima, planovima obroka i kalendarom kućanstva — sve na jednom mjestu. Svaki član kućanstva može doprinositi, označavati zadatke i biti u tijeku u stvarnom vremenu.

Ključne značajke:

Zajednički popisi zadataka i osobni zadaci
Suradnički popisi za kupovinu
Upravljanje kućanskim poslovima s analizom pravedne raspodjele
Praćenje i dijeljenje troškova
Planiranje obroka s integracijom popisa za kupovinu
Kalendar kućanstva za događaje i rasporede
Pozivanje članova jednostavnim kodom
End-to-end enkripcija za podatke kućanstva
Prekrasne tamne i svjetle teme
Dostupno na 42 jezika
Radi na Windowsu, macOS-u, iOS-u, Androidu i webu
Wohnly je besplatan. Prijavite se s Googleom ili Appleom, stvorite svoje kućanstvo i pozovite obitelj ili cimere za početak.","Wohnly je kompletní aplikace pro správu domácnosti, která pomáhá vám a vaší rodině zůstat organizovaní. Ať žijete s partnerem, spolubydlícími nebo rodinou, Wohnly zajistí, že všichni budou na stejné vlně.

Spravujte sdílené seznamy úkolů, nákupní seznamy, domácí práce, výdaje, plány jídel a rodinný kalendář — vše na jednom místě. Každý člen domácnosti může přispívat, odškrtávat úkoly a být v reálném čase informován.

Klíčové funkce:

Sdílené seznamy úkolů a osobní úkoly
Kolaborativní nákupní seznamy
Správa domácích prací s analýzou spravedlivého rozdělení
Sledování a sdílení výdajů
Plánování jídel s integrací nákupního seznamu
Rodinný kalendář pro události a plány
Pozvání členů jednoduchým kódem
Šifrování dat domácnosti od konce ke konci
Krásná tmavá a světlá témata
K dispozici ve 42 jazycích
Funguje na Windows, macOS, iOS, Android a webu
Wohnly je zdarma. Přihlaste se přes Google nebo Apple, vytvořte domácnost a pozvěte rodinu nebo spolubydlící.","Wohnly er den altomfattende app til husholdningsstyring, der hjælper dig og din familie med at holde styr på tingene sammen. Uanset om du bor med en partner, bofæller eller familie, holder Wohnly alle på samme side.

Administrer delte opgavelister, indkøbslister, huslige pligter, udgifter, madplaner og en husstandskalender — alt på ét sted. Alle medlemmer af din husstand kan bidrage, afkrydse opgaver og holde sig opdateret i realtid.

Nøglefunktioner:

Delte opgavelister og personlige opgaver
Fælles indkøbslister
Styring af huslige pligter med analyse af fair fordeling
Udgiftssporing og opdeling
Madplanlægning med integration af indkøbsliste
Husstandskalender til begivenheder og tidsplaner
Inviter medlemmer med en simpel kode
End-to-end-kryptering af husstandsdata
Smukke mørke og lyse temaer
Tilgængelig på 42 sprog
Virker på Windows, macOS, iOS, Android og web
Wohnly er gratis. Log ind med Google eller Apple, opret din husstand, og inviter familie eller bofæller for at komme i gang.","Wohnly is de alles-in-één huishoudbeheersapp die jou en je gezin helpt samen georganiseerd te blijven. Of je nu met een partner, huisgenoten of familie samenwoont, Wohnly zorgt dat iedereen op dezelfde lijn zit.

Beheer gedeelde takenlijsten, boodschappenlijsten, huishoudelijke klusjes, uitgaven, maaltijdplannen en een huishoudkalender — alles op één plek. Elk lid van het huishouden kan bijdragen, taken afvinken en in realtime op de hoogte blijven.

Belangrijkste functies:

Gedeelde takenlijsten en persoonlijke taken
Gezamenlijke boodschappenlijsten
Beheer van huishoudelijke taken met analyse van eerlijke verdeling
Uitgaven bijhouden en splitsen
Maaltijdplanning met koppeling aan de boodschappenlijst
Huishoudkalender voor afspraken en schema's
Leden uitnodigen met een eenvoudige code
End-to-end-versleuteling voor huishoudgegevens
Prachtige donkere en lichte thema's
Beschikbaar in 42 talen
Werkt op Windows, macOS, iOS, Android en web
Wohnly is gratis. Log in met Google of Apple, maak je huishouden aan en nodig familie of huisgenoten uit om te beginnen.","Wohnly on kõikehõlmav majapidamise haldamise rakendus, mis aitab teil ja teie perel koos organiseerituna püsida. Olgu te elate partneri, toakaaslaste või perega — Wohnly hoiab kõik samal lehel.

Hallake jagatud ülesandeloendeid, ostuloendeid, kodutöid, kulutusi, toidu planeerimist ja majapidamiskalendrit — kõik ühes kohas. Iga majapidamise liige saab panustada, ülesandeid märkida ja reaalajas kursis olla.

Põhifunktsioonid:

Jagatud ülesandeloendid ja isiklikud ülesanded
Koostöös ostuloendid
Kodutööde haldamine õiglase jaotuse analüüsiga
Kulutuste jälgimine ja jagamine
Söögikordade planeerimine ostuloendiga integreeritult
Majapidamiskalender sündmustele ja ajakavadele
Liikmete kutsumine lihtsa koodiga
Majapidamisandmete täielik krüpteerimine
Kaunid tumedal ja heledal teemal
Saadaval 42 keeles
Töötab Windowsil, macOS-il, iOS-il, Androidil ja veebis
Wohnly on tasuta. Logige sisse Google'i või Apple'iga, looge oma majapidamine ja kutsuge perekond või toakaaslased.","Wohnly on kattava kodinhallinnan sovellus, joka auttaa sinua ja perhettäsi pysymään järjestyksessä yhdessä. Asuit sitten kumppanin, kämppäkavereiden tai perheen kanssa, Wohnly pitää kaikki samalla sivulla.

Hallinnoi jaettuja tehtävälistoja, ostoslistoja, kotitöitä, kuluja, ateriasuunnitelmia ja kotitalouskalenteria — kaikki yhdessä paikassa. Jokainen kotitaloutesi jäsen voi osallistua, rastittaa tehtäviä ja pysyä ajan tasalla reaaliajassa.

Tärkeimmät ominaisuudet:

Jaetut tehtävälistat ja henkilökohtaiset tehtävät
Yhteistyölliset ostoslistat
Kotitöiden hallinta reilu jako -analytiikalla
Kulujen seuranta ja jako
Ateriasuunnittelu ostoslistan integroinnilla
Kotitalouskalenteri tapahtumille ja aikatauluille
Kutsu jäseniä yksinkertaisella koodilla
Päästä päähän -salaus kotitaloustiedoille
Kauniit tummat ja vaaleat teemat
Saatavilla 42 kielellä
Toimii Windowsilla, macOS:llä, iOS:llä, Androidilla ja verkossa
Wohnly on ilmainen. Kirjaudu sisään Google- tai Apple-tilillä, luo kotitaloutesi ja kutsu perhe tai kämppäkaverit mukaan.","Ang Wohnly ay ang all-in-one na app para sa pamamahala ng tahanan na tumutulong sa inyo at sa inyong pamilya na manatiling organisado nang magkasama. Kahit nakatira kayo kasama ang kasosyo, mga kasama sa silid, o pamilya, pinapanatili ng Wohnly ang lahat sa parehong pahina.

Pamahalaan ang mga ibinahaging listahan ng gawain, listahan ng pamimili, trabaho sa bahay, gastusin, plano sa pagkain, at kalendaryo ng sambahayan — lahat sa isang lugar. Ang bawat miyembro ng inyong sambahayan ay maaaring mag-ambag, mag-tsek ng mga gawain, at manatiling updated sa real time.

Mga pangunahing tampok:

Mga ibinahaging listahan ng gawain at personal na gawain
Mga collaborative na listahan ng pamimili
Pamamahala ng trabaho sa bahay na may fair share analytics
Pagsubaybay at paghahati ng gastusin
Pagpaplano ng pagkain na may integrasyon sa listahan ng pamimili
Kalendaryo ng sambahayan para sa mga kaganapan at iskedyul
Imbitahan ang mga miyembro gamit ang simpleng code
End-to-end na pag-encrypt para sa datos ng sambahayan
Magagandang madilim at maliwanag na tema
Available sa 42 wika
Gumagana sa Windows, macOS, iOS, Android, at web
Libre ang Wohnly. Mag-sign in gamit ang Google o Apple, lumikha ng inyong sambahayan, at imbitahan ang pamilya o mga kasama para makapagsimula.","Wohnly est l'application tout-en-un de gestion du foyer qui vous aide, vous et votre famille, à rester organisés ensemble. Que vous viviez avec un partenaire, des colocataires ou votre famille, Wohnly garde tout le monde sur la même longueur d'onde.

Gérez des listes de tâches partagées, des listes de courses, des corvées, des dépenses, des plans de repas et un calendrier familial — tout en un seul endroit. Chaque membre du foyer peut contribuer, cocher des tâches et rester informé en temps réel.

Points forts :

Listes de tâches partagées et tâches personnelles
Listes de courses collaboratives
Gestion des corvées avec analyse du partage équitable
Suivi et partage des dépenses
Planification des repas avec intégration à la liste de courses
Calendrier familial pour les événements et plannings
Inviter des membres avec un code simple
Chiffrement de bout en bout pour les données du foyer
Thèmes sombres et clairs magnifiques
Disponible en 42 langues
Fonctionne sur Windows, macOS, iOS, Android et le web
Wohnly est gratuit. Connectez-vous avec Google ou Apple, créez votre foyer et invitez votre famille ou vos colocataires pour commencer.","Wohnly ist die All-in-One-App für das Haushaltsmanagement, die dir und deiner Familie hilft, gemeinsam organisiert zu bleiben. Egal ob du mit einem Partner, Mitbewohnern oder der Familie zusammenlebst – Wohnly hält alle auf dem gleichen Stand.

Verwalte gemeinsame Aufgabenlisten, Einkaufslisten, Haushaltsaufgaben, Ausgaben, Essenspläne und einen Haushaltskalender – alles an einem Ort. Jedes Mitglied deines Haushalts kann mitmachen, Aufgaben abhaken und in Echtzeit auf dem Laufenden bleiben.

Die wichtigsten Funktionen:

Gemeinsame Aufgabenlisten und persönliche To-dos
Kollaborative Einkaufslisten
Haushaltsaufgaben mit fairer Aufgabenverteilung und Analyse
Ausgabenverfolgung und Kostenteilung
Essensplanung mit Einkaufslisten-Integration
Haushaltskalender für Termine und Pläne
Mitglieder per einfachem Code einladen
Ende-zu-Ende-Verschlüsselung für Haushaltsdaten
Ansprechendes dunkles und helles Design
In 42 Sprachen verfügbar
Funktioniert auf Windows, macOS, iOS, Android und im Web
Wohnly ist kostenlos. Melde dich mit Google oder Apple an, erstelle deinen Haushalt und lade Familie oder Mitbewohner ein, um loszulegen.","Το Wohnly είναι η ολοκληρωμένη εφαρμογή διαχείρισης νοικοκυριού που βοηθά εσάς και την οικογένειά σας να παραμένετε οργανωμένοι μαζί. Είτε μένετε με σύντροφο, συγκάτοικους ή οικογένεια, το Wohnly κρατά όλους στην ίδια σελίδα.

Διαχειριστείτε κοινές λίστες εργασιών, λίστες αγορών, οικιακές εργασίες, έξοδα, πλάνα γευμάτων και ένα οικιακό ημερολόγιο — όλα σε ένα μέρος. Κάθε μέλος του νοικοκυριού σας μπορεί να συνεισφέρει, να επισημαίνει εργασίες και να ενημερώνεται σε πραγματικό χρόνο.

Βασικά χαρακτηριστικά:

Κοινές λίστες εργασιών και προσωπικές εργασίες
Συνεργατικές λίστες αγορών
Διαχείριση οικιακών εργασιών με ανάλυση δίκαιης κατανομής
Παρακολούθηση και διαχωρισμός εξόδων
Σχεδιασμός γευμάτων με ενοποίηση λίστας αγορών
Οικιακό ημερολόγιο για εκδηλώσεις και προγράμματα
Πρόσκληση μελών με απλό κωδικό
Κρυπτογράφηση από άκρο σε άκρο για τα δεδομένα του νοικοκυριού
Όμορφα σκούρα και ανοιχτά θέματα
Διαθέσιμο σε 42 γλώσσες
Λειτουργεί σε Windows, macOS, iOS, Android και web
Το Wohnly είναι δωρεάν. Συνδεθείτε με Google ή Apple, δημιουργήστε το νοικοκυριό σας και προσκαλέστε την οικογένεια ή τους συγκατοίκους σας για να ξεκινήσετε.","Wohnly एक ऑल-इन-वन घर प्रबंधन ऐप है जो आपको और आपके परिवार को मिलकर व्यवस्थित रहने में मदद करता है। चाहे आप किसी साथी, रूममेट्स या परिवार के साथ रहते हों, Wohnly सभी को एक ही पेज पर रखता है।

साझा टू-डू सूचियां, खरीदारी सूचियां, घर के काम, खर्च, भोजन योजनाएं और एक घरेलू कैलेंडर प्रबंधित करें — सब एक जगह। आपके घर का हर सदस्य योगदान दे सकता है, काम चेक कर सकता है और रियल टाइम में अपडेट रह सकता है।

मुख्य विशेषताएं:

साझा टू-डू सूचियां और व्यक्तिगत कार्य
सहयोगी खरीदारी सूचियां
निष्पक्ष हिस्सेदारी विश्लेषण के साथ घर के काम का प्रबंधन
खर्च ट्रैकिंग और विभाजन
खरीदारी सूची एकीकरण के साथ भोजन योजना
कार्यक्रमों और शेड्यूल के लिए घरेलू कैलेंडर
एक सरल कोड के साथ सदस्यों को आमंत्रित करें
घरेलू डेटा के लिए एंड-टू-एंड एन्क्रिप्शन
सुंदर डार्क और लाइट थीम
42 भाषाओं में उपलब्ध
Windows, macOS, iOS, Android और वेब पर काम करता है
Wohnly उपयोग करने के लिए मुफ्त है। Google या Apple से साइन इन करें, अपना घर बनाएं और शुरू करने के लिए परिवार या रूममेट्स को आमंत्रित करें।","Wohnly er heildarforrit fyrir heimilisstjórnun sem hjálpar þér og fjölskyldinni þinni að vera skipulögð saman. Hvort sem þú býrð með maka, herbergisfélaga eða fjölskyldu, heldur Wohnly öllum á sama blaði.

Stjórna samnýttum verkefnalistum, innkaupalista, heimilisverkum, útgjöldum, máltíðaráætlunum og heimiliisdagatal — allt á einum stað. Sérhver meðlimur heimilisins getur lagt af mörkum, hakað við verkefni og verið uppfærður í rauntíma.

Helstu eiginleikar:

Samnýttir verkefnalistar og persónuleg verkefni
Samstarfsinnkaupalista
Heimilisverk með sanngjarnar skiptingargreiningar
Útgjaldaeftirlit og skipting
Máltíðaráætlun með samþættingu innkaupalista
Heimiliisdagatal fyrir viðburði og dagskrár
Bjóða meðlimum með einföldum kóða
Enda-í-enda dulkóðun fyrir heimilisgögn
Falleg dökk og ljós þemu
Í boði á 42 tungumálum
Virkar á Windows, macOS, iOS, Android og vefnum
Wohnly er ókeypis. Skráðu þig inn með Google eða Apple, búðu til heimilið þitt og bjóddu fjölskyldu eða herbergisfélögum.","A Wohnly egy mindent-egyben háztartás-kezelő alkalmazás, amely segít neked és a családodnak együtt szervezett maradni. Akár partnerrel, szobatársakkal vagy családdal élsz, a Wohnly mindenkit egy lapon tart.

Kezeld a megosztott teendőlistákat, bevásárlólistákat, háztartási feladatokat, kiadásokat, étkezési terveket és a háztartási naptárt — mindent egy helyen. A háztartásod minden tagja hozzájárulhat, bejelölheti a feladatokat, és valós időben naprakész lehet.

Főbb jellemzők:

Megosztott teendőlisták és személyes feladatok
Közös bevásárlólisták
Háztartási feladatok kezelése méltányos elosztás elemzéssel
Kiadások követése és megosztása
Étkezéstervezés bevásárlólista integrációval
Háztartási naptár eseményekhez és ütemtervekhez
Tagok meghívása egyszerű kóddal
Végpontok közötti titkosítás a háztartási adatokhoz
Gyönyörű sötét és világos témák
42 nyelven elérhető
Működik Windows, macOS, iOS, Android és web felületeken
A Wohnly ingyenesen használható. Jelentkezz be Google-lal vagy Apple-lel, hozd létre a háztartásod, és hívd meg a családot vagy a szobatársakat az induláshoz.","Wohnly adalah aplikasi manajemen rumah tangga all-in-one yang membantu Anda dan keluarga tetap terorganisir bersama. Baik Anda tinggal bersama pasangan, teman sekamar, atau keluarga, Wohnly membuat semua orang berada di halaman yang sama.

Kelola daftar tugas bersama, daftar belanja, pekerjaan rumah, pengeluaran, rencana makan, dan kalender rumah tangga — semua dalam satu tempat. Setiap anggota rumah tangga dapat berkontribusi, mencentang tugas, dan tetap terupdate secara real time.

Fitur utama:

Daftar tugas bersama dan tugas pribadi
Daftar belanja kolaboratif
Manajemen pekerjaan rumah dengan analitik pembagian yang adil
Pelacakan dan pembagian pengeluaran
Perencanaan makan dengan integrasi daftar belanja
Kalender rumah tangga untuk acara dan jadwal
Undang anggota dengan kode sederhana
Enkripsi end-to-end untuk data rumah tangga
Tema gelap dan terang yang indah
Tersedia dalam 42 bahasa
Berfungsi di Windows, macOS, iOS, Android, dan web
Wohnly gratis digunakan. Masuk dengan Google atau Apple, buat rumah tangga Anda, dan undang keluarga atau teman sekamar untuk memulai.","Wohnly è l'app tutto-in-uno per la gestione della casa che aiuta te e la tua famiglia a restare organizzati insieme. Che tu viva con un partner, dei coinquilini o la famiglia, Wohnly tiene tutti sulla stessa lunghezza d'onda.

Gestisci liste di cose da fare condivise, liste della spesa, faccende domestiche, spese, piani pasto e un calendario familiare — tutto in un unico posto. Ogni membro della famiglia può contribuire, spuntare i compiti e restare aggiornato in tempo reale.

Punti di forza:

Liste di cose da fare condivise e attività personali
Liste della spesa collaborative
Gestione delle faccende domestiche con analisi della ripartizione equa
Tracciamento e suddivisione delle spese
Pianificazione dei pasti con integrazione nella lista della spesa
Calendario familiare per eventi e programmi
Invita i membri con un semplice codice
Crittografia end-to-end per i dati della famiglia
Bellissimi temi scuri e chiari
Disponibile in 42 lingue
Funziona su Windows, macOS, iOS, Android e web
Wohnly è gratuito. Accedi con Google o Apple, crea la tua famiglia e invita parenti o coinquilini per iniziare.","Wohnlyは、あなたと家族が一緒に整理整頓できるオールインワンの家庭管理アプリです。パートナー、ルームメイト、または家族と暮らしていても、Wohnlyは全員を同じ認識でつなぎます。

共有タスクリスト、買い物リスト、家事、支出、献立、家庭カレンダーをひとつの場所で管理できます。家族全員が作業に参加し、タスクを完了し、リアルタイムで最新情報を確認できます。

主な機能：

共有タスクリストと個人タスク
共同買い物リスト
公平な分担分析付きの家事管理
支出の追跡と分割
買い物リスト連携付きの献立計画
イベントとスケジュールの家庭カレンダー
シンプルなコードでメンバーを招待
家庭データのエンドツーエンド暗号化
美しいダーク・ライトテーマ
42言語対応
Windows、macOS、iOS、Android、ウェブで動作
Wohnlyは無料でお使いいただけます。GoogleまたはAppleでサインインし、家庭を作成して、家族やルームメイトを招待してはじめましょう。","Wohnly는 나와 가족이 함께 체계적으로 생활할 수 있도록 돕는 올인원 가정 관리 앱입니다. 파트너, 룸메이트, 또는 가족과 함께 살든 Wohnly가 모두를 같은 페이지에 머물게 해줍니다.

공유 할 일 목록, 쇼핑 목록, 집안일, 지출, 식단 계획, 가족 캘린더를 한 곳에서 관리하세요. 가구의 모든 구성원이 참여하고, 할 일을 체크하고, 실시간으로 업데이트를 받을 수 있습니다.

주요 기능:

공유 및 개인 할 일 목록
협업 쇼핑 목록
공평한 분담 분석이 포함된 집안일 관리
지출 추적 및 분할
쇼핑 목록 연동 식단 계획
일정 및 스케줄을 위한 가족 캘린더
간단한 코드로 가구원 초대
가정 데이터 종단간 암호화
아름다운 다크 및 라이트 테마
42개 언어 지원
Windows, macOS, iOS, Android, 웹에서 사용 가능
Wohnly는 무료입니다. Google 또는 Apple로 로그인하고 가구를 만든 뒤 가족이나 룸메이트를 초대해 시작하세요.","Wohnly ir visaptverošs mājsaimniecības pārvaldības lietotne, kas palīdz jums un jūsu ģimenei kopā palikt organizētiem. Neatkarīgi no tā, vai dzīvojat ar partneri, istabas biedriem vai ģimeni, Wohnly nodrošina, ka visi ir vienā lapā.

Pārvaldiet koplietotus uzdevumu sarakstus, iepirkumu sarakstus, mājas darbus, izdevumus, ēdienreižu plānus un mājsaimniecības kalendāru — visu vienā vietā. Katrs mājsaimniecības loceklis var dot ieguldījumu, atzīmēt uzdevumus un būt informēts reāllaikā.

Galvenās funkcijas:

Koplietoti uzdevumu saraksti un personīgie uzdevumi
Sadarbības iepirkumu saraksti
Mājas darbu pārvaldīšana ar taisnīgas sadales analīzi
Izdevumu izsekošana un dalīšana
Ēdienreižu plānošana ar iepirkumu saraksta integrāciju
Mājsaimniecības kalendārs pasākumiem un grafikiem
Uzaicināt locekļus ar vienkāršu kodu
Pilna šifrēšana mājsaimniecības datiem
Skaistas tumšas un gaišas tēmas
Pieejama 42 valodās
Darbojas Windows, macOS, iOS, Android un tīmeklī
Wohnly ir bez maksas. Pierakstieties ar Google vai Apple, izveidojiet savu mājsaimniecību un uzaiciniet ģimeni vai istabas biedrus sākt darbu.","Wohnly – tai visapusiška namų ūkio valdymo programa, padedanti jums ir jūsų šeimai kartu išlikti organizuotiems. Nesvarbu, ar gyvenate su partneriu, kambario draugais ar šeima, Wohnly užtikrina, kad visi būtų toje pačioje pusėje.

Valdykite bendrus darbų sąrašus, pirkinių sąrašus, namų ruošos darbus, išlaidas, maitinimosi planus ir namų ūkio kalendorių – viską vienoje vietoje. Kiekvienas namų ūkio narys gali prisidėti, pažymėti užduotis ir gauti atnaujinimus realiuoju laiku.

Pagrindinės funkcijos:

Bendri darbų sąrašai ir asmeninės užduotys
Bendradarbiavimo pirkinių sąrašai
Namų ruošos darbų valdymas su sąžiningo paskirstymo analize
Išlaidų sekimas ir pasidalijimas
Maitinimosi planavimas su pirkinių sąrašo integracija
Namų ūkio kalendorius renginiams ir tvarkaraščiams
Pakviesti narius paprastu kodu
Galinis-galinis šifravimas namų ūkio duomenims
Gražios tamsios ir šviesios temos
Prieinama 42 kalbomis
Veikia Windows, macOS, iOS, Android ir žiniatinklyje
Wohnly yra nemokama. Prisijunkite naudodami Google arba Apple, sukurkite savo namų ūkį ir pakvieskite šeimą ar kambario draugus pradėti.","Wohnly ialah aplikasi pengurusan rumah tangga semua-dalam-satu yang membantu anda dan keluarga kekal teratur bersama. Sama ada anda tinggal bersama pasangan, rakan serumah, atau keluarga, Wohnly memastikan semua orang berada di halaman yang sama.

Uruskan senarai tugasan bersama, senarai belanja, kerja-kerja rumah, perbelanjaan, rancangan makan, dan kalendar rumah tangga — semuanya di satu tempat. Setiap ahli rumah tangga boleh menyumbang, menanda tugasan, dan kekal dikemas kini dalam masa nyata.

Ciri-ciri utama:

Senarai tugasan bersama dan tugasan peribadi
Senarai belanja kolaboratif
Pengurusan kerja-kerja rumah dengan analitik bahagian yang adil
Penjejakan dan pembahagian perbelanjaan
Perancangan makan dengan integrasi senarai belanja
Kalendar rumah tangga untuk acara dan jadual
Jemput ahli dengan kod mudah
Penyulitan hujung ke hujung untuk data rumah tangga
Tema gelap dan terang yang indah
Tersedia dalam 42 bahasa
Berfungsi pada Windows, macOS, iOS, Android, dan web
Wohnly percuma digunakan. Log masuk dengan Google atau Apple, cipta rumah tangga anda, dan jemput keluarga atau rakan serumah untuk bermula.","Wohnly हे एक सर्वसमावेशक घर व्यवस्थापन अॅप आहे जे तुम्हाला आणि तुमच्या कुटुंबाला एकत्र संघटित राहण्यास मदत करते. तुम्ही जोडीदार, रूममेट्स किंवा कुटुंबासोबत राहत असाल, Wohnly सर्वांना एकाच पानावर ठेवते.

शेअर केलेल्या कार्य सूची, खरेदी सूची, घरकाम, खर्च, जेवण योजना आणि घरेलू दिनदर्शिका एका ठिकाणी व्यवस्थापित करा. घरातील प्रत्येक सदस्य योगदान देऊ शकतो, कार्ये तपासू शकतो आणि रिअल टाइममध्ये अपडेट राहू शकतो.

मुख्य वैशिष्ट्ये:

शेअर केलेल्या आणि वैयक्तिक कार्य सूची
सहयोगी खरेदी सूची
न्याय्य वाटप विश्लेषणासह घरकाम व्यवस्थापन
खर्च ट्रॅकिंग आणि विभाजन
खरेदी सूची एकत्रीकरणासह जेवण नियोजन
कार्यक्रम आणि वेळापत्रकांसाठी घरेलू दिनदर्शिका
साध्या कोडसह सदस्यांना आमंत्रित करा
घरेलू डेटासाठी एंड-टू-एंड एन्क्रिप्शन
सुंदर डार्क आणि लाइट थीम
42 भाषांमध्ये उपलब्ध
Windows, macOS, iOS, Android आणि वेबवर कार्य करते
Wohnly वापरण्यास विनामूल्य आहे. Google किंवा Apple सह साइन इन करा, तुमचे घर तयार करा आणि सुरू करण्यासाठी कुटुंब किंवा रूममेट्सना आमंत्रित करा.","Wohnly er den alt-i-ett-appen for husholdningsstyring som hjelper deg og familien din å holde styr på tingene sammen. Enten du bor med en partner, romkamerater eller familie, holder Wohnly alle på samme side.

Administrer delte gjøremålslister, handlelister, husarbeid, utgifter, måltidsplaner og en husstandskalender — alt på ett sted. Hvert husstandsmedlem kan bidra, huke av oppgaver og holde seg oppdatert i sanntid.

Nøkkelfunksjoner:

Delte gjøremålslister og personlige oppgaver
Felles handlelister
Administrasjon av husarbeid med analyse av rettferdig fordeling
Utgiftssporing og deling
Måltidsplanlegging med integrasjon av handleliste
Husstandskalender for hendelser og timeplan
Inviter medlemmer med en enkel kode
Ende-til-ende-kryptering for husstandsdata
Vakre mørke og lyse temaer
Tilgjengelig på 42 språk
Fungerer på Windows, macOS, iOS, Android og nett
Wohnly er gratis. Logg inn med Google eller Apple, opprett husstanden din, og inviter familie eller romkamerater for å komme i gang.","Wohnly to kompleksowa aplikacja do zarządzania gospodarstwem domowym, która pomaga Tobie i Twojej rodzinie pozostać zorganizowanymi razem. Niezależnie od tego, czy mieszkasz z partnerem, współlokatorami czy rodziną, Wohnly trzyma wszystkich na bieżąco.

Zarządzaj wspólnymi listami zadań, listami zakupów, obowiązkami domowymi, wydatkami, planami posiłków i kalendarze domowym — wszystko w jednym miejscu. Każdy członek domowników może wnosić wkład, odhaczać zadania i być na bieżąco w czasie rzeczywistym.

Kluczowe funkcje:

Wspólne listy zadań i osobiste zadania
Współdzielone listy zakupów
Zarządzanie obowiązkami domowymi z analizą sprawiedliwego podziału
Śledzenie i podział wydatków
Planowanie posiłków z integracją listy zakupów
Kalendarz domowy na wydarzenia i harmonogramy
Zapraszanie członków prostym kodem
Szyfrowanie end-to-end dla danych domowych
Piękne ciemne i jasne motywy
Dostępne w 42 językach
Działa na Windows, macOS, iOS, Android i w przeglądarce
Wohnly jest bezpłatne. Zaloguj się przez Google lub Apple, utwórz swoje gospodarstwo domowe i zaproś rodzinę lub współlokatorów, aby zacząć.","O Wohnly é o aplicativo all-in-one de gestão doméstica que ajuda você e sua família a se manterem organizados juntos. Seja vivendo com um parceiro, colegas de quarto ou família, o Wohnly mantém todos na mesma página.

Gerencie listas de tarefas compartilhadas, listas de compras, tarefas domésticas, despesas, planos de refeições e um calendário doméstico — tudo em um único lugar. Cada membro da casa pode contribuir, marcar tarefas e ficar atualizado em tempo real.

Destaques principais:

Listas de tarefas compartilhadas e pessoais
Listas de compras colaborativas
Gestão de tarefas domésticas com análise de divisão justa
Controle e divisão de despesas
Planejamento de refeições com integração à lista de compras
Calendário doméstico para eventos e compromissos
Convidar membros com um código simples
Criptografia de ponta a ponta para dados domésticos
Temas escuro e claro lindos
Disponível em 42 idiomas
Funciona no Windows, macOS, iOS, Android e na web
O Wohnly é gratuito. Faça login com Google ou Apple, crie sua casa e convide família ou colegas para começar.","Wohnly este aplicația all-in-one de gestionare a gospodăriei care te ajută pe tine și familia ta să rămâneți organizați împreună. Indiferent dacă locuiești cu un partener, colegi de cameră sau familie, Wohnly ține pe toată lumea pe aceeași lungime de undă.

Gestionează liste de sarcini partajate, liste de cumpărături, treburi casnice, cheltuieli, planuri de mese și un calendar al gospodăriei — totul într-un singur loc. Fiecare membru al gospodăriei poate contribui, bifa sarcinile și fi la curent în timp real.

Caracteristici principale:

Liste de sarcini partajate și sarcini personale
Liste de cumpărături colaborative
Gestionarea treburilor casnice cu analiză a împărțirii echitabile
Urmărirea și împărțirea cheltuielilor
Planificarea meselor cu integrarea listei de cumpărături
Calendar al gospodăriei pentru evenimente și programe
Invitarea membrilor cu un cod simplu
Criptare end-to-end pentru datele gospodăriei
Teme întunecate și deschise frumoase
Disponibil în 42 de limbi
Funcționează pe Windows, macOS, iOS, Android și web
Wohnly este gratuit. Conectează-te cu Google sau Apple, creează gospodăria ta și invită familia sau colegii de cameră pentru a începe.","Wohnly — это комплексное приложение для управления домашним хозяйством, которое помогает вам и вашей семье оставаться организованными вместе. Живёте ли вы с партнёром, соседями по комнате или семьёй, Wohnly держит всех в курсе событий.

Управляйте общими списками задач, списками покупок, домашними обязанностями, расходами, планами питания и домашним календарём — всё в одном месте. Каждый член семьи может вносить вклад, отмечать задачи выполненными и быть в курсе событий в режиме реального времени.

Ключевые возможности:

Общие списки задач и личные задачи
Совместные списки покупок
Управление домашними обязанностями с аналитикой справедливого распределения
Отслеживание и разделение расходов
Планирование питания с интеграцией списка покупок
Домашний календарь для событий и расписаний
Приглашение участников с помощью простого кода
Сквозное шифрование данных домашнего хозяйства
Красивые тёмные и светлые темы
Доступно на 42 языках
Работает на Windows, macOS, iOS, Android и в браузере
Wohnly бесплатен. Войдите через Google или Apple, создайте домашнее хозяйство и пригласите семью или соседей, чтобы начать.","Wohnly је свеобухватна апликација за управљање домаћинством која помаже вама и вашој породици да останете организовани заједно. Без обзира да ли живите са партнером, цимерима или породицом, Wohnly одржава све на истој страни.

Управљајте заједничким листама задатака, листама куповине, кућанским пословима, трошковима, плановима оброка и календаром домаћинства — све на једном месту. Сваки члан домаћинства може да доприноси, одмарира задатке и буде у току у реалном времену.

Кључне функције:

Заједничке листе задатака и лични задаци
Колаборативне листе куповине
Управљање кућанским пословима са анализом правичне расподеле
Праћење и дељење трошкова
Планирање оброка са интеграцијом листе куповине
Календар домаћинства за догађаје и распореде
Позивање чланова једноставним кодом
Енкрипција с краја на крај за податке домаћинства
Прелепе тамне и светле теме
Доступно на 42 језика
Ради на Windows, macOS, iOS, Android и вебу
Wohnly је бесплатан. Пријавите се са Google или Apple, направите своје домаћинство и позовите породицу или цимере да почнете.","Wohnly je komplexná aplikácia na správu domácnosti, ktorá pomáha vám a vašej rodine zostať organizovanými spolu. Či žijete s partnerom, spolubývajúcimi alebo rodinou, Wohnly drží všetkých na rovnakej vlnovej dĺžke.

Spravujte zdieľané zoznamy úloh, nákupné zoznamy, domáce práce, výdavky, plány jedál a domácnostný kalendár — všetko na jednom mieste. Každý člen domácnosti môže prispievať, odškrtávať úlohy a byť v reálnom čase informovaný.

Kľúčové funkcie:

Zdieľané zoznamy úloh a osobné úlohy
Kolaboratívne nákupné zoznamy
Správa domácich prác s analýzou spravodlivého rozdelenia
Sledovanie a zdieľanie výdavkov
Plánovanie jedál s integráciou nákupného zoznamu
Domácnostný kalendár pre udalosti a plány
Pozývanie členov jednoduchým kódom
Šifrovanie dát domácnosti od konca ku koncu
Krásne tmavé a svetlé témy
K dispozícii v 42 jazykoch
Funguje na Windows, macOS, iOS, Android a webe
Wohnly je zadarmo. Prihláste sa cez Google alebo Apple, vytvorte domácnosť a pozvite rodinu alebo spolubývajúcich.","Wohnly je celovita aplikacija za upravljanje gospodinjstva, ki vam in vaši družini pomaga ostati organizirani skupaj. Ne glede na to, ali živite s partnerjem, sostanovalci ali družino, Wohnly poskrbi, da so vsi na isti strani.

Upravljajte skupne sezname opravil, sezname nakupov, gospodinjska dela, stroške, načrte obrokov in gospodinjski koledar — vse na enem mestu. Vsak član gospodinjstva lahko prispeva, označuje opravila in je v realnem času obveščen.

Ključne funkcije:

Skupni seznami opravil in osebna opravila
Sodelovalni seznami nakupov
Upravljanje gospodinjskih del z analizo pravičnega razporeditve
Sledenje in delitev stroškov
Načrtovanje obrokov z integracijo v seznam nakupov
Gospodinjski koledar za dogodke in urnike
Vabite člane s preprosto kodo
Šifriranje od konca do konca za gospodinjske podatke
Lepe temne in svetle teme
Na voljo v 42 jezikih
Deluje na Windows, macOS, iOS, Android in spletu
Wohnly je brezplačen. Prijavite se z Google ali Apple, ustvarite svoje gospodinjstvo in povabite družino ali sostanovalce, da začnete.","Wohnly es la aplicación todo-en-uno de gestión del hogar que te ayuda a ti y a tu familia a mantenerse organizados juntos. Ya vivas con tu pareja, compañeros de piso o familia, Wohnly mantiene a todos en sintonía.

Gestiona listas de tareas compartidas, listas de la compra, tareas del hogar, gastos, planes de comidas y un calendario familiar — todo en un mismo lugar. Cada miembro del hogar puede contribuir, tachar tareas y estar al día en tiempo real.

Características principales:

Listas de tareas compartidas y tareas personales
Listas de la compra colaborativas
Gestión de tareas del hogar con análisis de reparto equitativo
Seguimiento y división de gastos
Planificación de comidas con integración en la lista de la compra
Calendario del hogar para eventos y horarios
Invitar a miembros con un código sencillo
Cifrado de extremo a extremo para los datos del hogar
Temas oscuro y claro preciosos
Disponible en 42 idiomas
Funciona en Windows, macOS, iOS, Android y web
Wohnly es gratis. Inicia sesión con Google o Apple, crea tu hogar e invita a tu familia o compañeros para empezar.","Wohnly ni programu yote-katika-moja ya usimamizi wa nyumba ambayo inakusaidia wewe na familia yako kukaa wapangiliwa pamoja. Iwe unaishi na mpenzi, wanachumba, au familia, Wohnly inaweka kila mtu kwenye ukurasa mmoja.

Simamia orodha ya kufanya ya pamoja, orodha za manunuzi, kazi za nyumba, matumizi, mipango ya chakula, na kalenda ya nyumba — yote mahali pamoja. Kila mwanachama wa nyumba yako anaweza kuchangia, kutekeleza kazi, na kukaa updated kwa wakati halisi.

Vipengele vikuu:

Orodha za mambo ya kufanya zilizoshirikiwa na kazi za kibinafsi
Orodha za manunuzi za pamoja
Usimamizi wa kazi za nyumba na uchambuzi wa mgawanyo wa haki
Ufuatiliaji na mgawanyo wa matumizi
Mipango ya chakula na muunganiko wa orodha ya manunuzi
Kalenda ya nyumba kwa matukio na ratiba
Mwaliko wa wanachama kwa kanuni rahisi
Usimbaji fiche wa mwisho-kwa-mwisho kwa data ya nyumba
Mandhari mazuri ya giza na mwanga
Inapatikana katika lugha 42
Inafanya kazi kwenye Windows, macOS, iOS, Android, na wavuti
Wohnly ni bure kutumia. Ingia kwa Google au Apple, unda nyumba yako, na mwalike familia au wanachumba kuanza.","Wohnly är den allt-i-ett-appen för hushållshantering som hjälper dig och din familj att hålla er organiserade tillsammans. Oavsett om du bor med en partner, rumskamrater eller familj, håller Wohnly alla på samma sida.

Hantera delade att-göra-listor, inköpslistor, hushållsuppgifter, utgifter, måltidsplaner och en hushållskalender — allt på ett ställe. Varje hushållsmedlem kan bidra, bocka av uppgifter och hålla sig uppdaterad i realtid.

Viktiga funktioner:

Delade att-göra-listor och personliga uppgifter
Gemensamma inköpslistor
Hantering av hushållsuppgifter med analys av rättvis fördelning
Utgiftsspårning och delning
Måltidsplanering med integration av inköpslista
Hushållskalender för händelser och scheman
Bjud in medlemmar med en enkel kod
Heltäckande kryptering av hushållsdata
Vackra mörka och ljusa teman
Tillgänglig på 42 språk
Fungerar på Windows, macOS, iOS, Android och webben
Wohnly är gratis. Logga in med Google eller Apple, skapa ditt hushåll och bjud in familj eller rumskamrater för att komma igång.","Wohnly என்பது உங்களுக்கும் உங்கள் குடும்பத்தினருக்கும் ஒன்றாக ஒழுங்கமைக்க உதவும் ஆல்-இன்-ஒன் வீட்டு மேலாண்மை செயலி. நீங்கள் கூட்டாளி, அறைத்தோழர்கள் அல்லது குடும்பத்தினருடன் வாழ்ந்தாலும், Wohnly அனைவரையும் ஒரே பக்கத்தில் வைக்கிறது.

பகிரப்பட்ட பணி பட்டியல்கள், கொள்முதல் பட்டியல்கள், வீட்டு வேலைகள், செலவுகள், உணவுத் திட்டங்கள் மற்றும் வீட்டு நாட்காட்டி — அனைத்தும் ஒரே இடத்தில் நிர்வகிக்கவும். உங்கள் வீட்டின் ஒவ்வொரு உறுப்பினரும் பங்களிக்கலாம், பணிகளை சரிபார்க்கலாம் மற்றும் நிகழ்நேரத்தில் புதுப்பிக்கப்படலாம்.

முக்கிய அம்சங்கள்:

பகிரப்பட்ட மற்றும் தனிப்பட்ட பணி பட்டியல்கள்
கூட்டு கொள்முதல் பட்டியல்கள்
நியாயமான பகிர்வு பகுப்பாய்வுடன் வீட்டு வேலை மேலாண்மை
செலவு கண்காணிப்பு மற்றும் பிரிவு
கொள்முதல் பட்டியல் ஒருங்கிணைப்புடன் உணவுத் திட்டமிடல்
நிகழ்வுகள் மற்றும் அட்டவணைகளுக்கான வீட்டு நாட்காட்டி
எளிய குறியீட்டுடன் உறுப்பினர்களை அழைக்கவும்
வீட்டு தரவுக்கான முனை-முதல்-முனை குறியாக்கம்
அழகான இருள் மற்றும் வெளிர் தீம்கள்
42 மொழிகளில் கிடைக்கிறது
Windows, macOS, iOS, Android மற்றும் வலையில் செயல்படுகிறது
Wohnly இலவசமாக பயன்படுத்தலாம். Google அல்லது Apple மூலம் உள்நுழைந்து, உங்கள் வீட்டை உருவாக்கி, குடும்பத்தினர் அல்லது அறைத்தோழர்களை அழைக்கவும்.","Wohnly అనేది మీకు మరియు మీ కుటుంబానికి కలిసి వ్యవస్థీకృతంగా ఉండటానికి సహాయపడే ఆల్-ఇన్-వన్ గృహ నిర్వహణ యాప్. మీరు భాగస్వామి, రూమ్‌మేట్లు లేదా కుటుంబంతో నివసిస్తున్నా సరే, Wohnly అందరినీ ఒకే పేజీలో ఉంచుతుంది.

పంచుకున్న పని జాబితాలు, షాపింగ్ జాబితాలు, ఇంటి పనులు, ఖర్చులు, భోజన ప్రణాళికలు మరియు గృహ క్యాలెండర్‌ను నిర్వహించండి — అన్నీ ఒకే చోట. మీ గృహంలోని ప్రతి సభ్యుడు సహకరించవచ్చు, పనులను తనిఖీ చేయవచ్చు మరియు నిజ సమయంలో నవీకరించబడవచ్చు.

ముఖ్య లక్షణాలు:

పంచుకున్న మరియు వ్యక్తిగత పని జాబితాలు
సహకార షాపింగ్ జాబితాలు
న్యాయమైన పంపిణీ విశ్లేషణతో ఇంటి పని నిర్వహణ
ఖర్చు ట్రాకింగ్ మరియు విభజన
షాపింగ్ జాబితా ఏకీకరణతో భోజన ప్రణాళిక
ఈవెంట్లు మరియు షెడ్యూల్‌ల కోసం గృహ క్యాలెండర్
సాధారణ కోడ్‌తో సభ్యులను ఆహ్వానించండి
గృహ డేటాకు ఎండ్-టు-ఎండ్ ఎన్‌క్రిప్షన్
అందమైన డార్క్ మరియు లైట్ థీమ్‌లు
42 భాషల్లో అందుబాటులో ఉంది
Windows, macOS, iOS, Android మరియు వెబ్‌లో పనిచేస్తుంది
Wohnly ఉచితంగా ఉపయోగించవచ్చు. Google లేదా Apple తో సైన్ ఇన్ చేసి, మీ గృహాన్ని సృష్టించి, కుటుంబం లేదా రూమ్‌మేట్‌లను ఆహ్వానించండి.","Wohnly คือแอปบริหารจัดการบ้านแบบครบวงจรที่ช่วยให้คุณและครอบครัวอยู่เป็นระเบียบร่วมกัน ไม่ว่าคุณจะอยู่กับคู่ครอง เพื่อนร่วมห้อง หรือครอบครัว Wohnly ช่วยให้ทุกคนอยู่ในหน้าเดียวกัน

จัดการรายการงานที่แชร์ รายการช้อปปิ้ง งานบ้าน ค่าใช้จ่าย แผนมื้ออาหาร และปฏิทินครัวเรือน ทั้งหมดในที่เดียว สมาชิกทุกคนในบ้านสามารถมีส่วนร่วม ติ๊กงานที่ทำเสร็จ และอัปเดตแบบเรียลไทม์

คุณสมบัติหลัก:

รายการงานร่วมและงานส่วนตัว
รายการช้อปปิ้งแบบร่วมมือกัน
บริหารงานบ้านพร้อมวิเคราะห์การแบ่งงานที่ยุติธรรม
ติดตามและแบ่งปันค่าใช้จ่าย
วางแผนมื้ออาหารพร้อมเชื่อมต่อรายการช้อปปิ้ง
ปฏิทินครัวเรือนสำหรับกิจกรรมและตารางงาน
เชิญสมาชิกด้วยรหัสง่ายๆ
การเข้ารหัสแบบ end-to-end สำหรับข้อมูลครัวเรือน
ธีมมืดและสว่างที่สวยงาม
รองรับ 42 ภาษา
ใช้งานได้บน Windows, macOS, iOS, Android และเว็บ
Wohnly ใช้งานฟรี เข้าสู่ระบบด้วย Google หรือ Apple สร้างครัวเรือน แล้วเชิญครอบครัวหรือเพื่อนร่วมห้องเพื่อเริ่มต้น","Wohnly, sizi ve ailenizi birlikte düzenli kalmaya yardımcı olan hepsi bir arada ev yönetimi uygulamasıdır. Bir partner, ev arkadaşları veya aileyle yaşıyor olun, Wohnly herkesi aynı sayfada tutar.

Paylaşılan yapılacaklar listelerini, alışveriş listelerini, ev işlerini, harcamaları, yemek planlarını ve bir ev takvimini yönetin — hepsi tek bir yerde. Evinizin her üyesi katkıda bulunabilir, görevleri işaretleyebilir ve gerçek zamanlı olarak güncel kalabilir.

Temel özellikler:

Paylaşılan yapılacaklar listeleri ve kişisel görevler
İşbirliğine dayalı alışveriş listeleri
Adil paylaşım analitiği ile ev işi yönetimi
Harcama takibi ve bölüşme
Alışveriş listesi entegrasyonlu yemek planlaması
Etkinlikler ve programlar için ev takvimi
Basit bir kodla üye davet edin
Ev verileri için uçtan uca şifreleme
Güzel koyu ve açık temalar
42 dilde mevcut
Windows, macOS, iOS, Android ve web'de çalışır
Wohnly ücretsizdir. Google veya Apple ile giriş yapın, evinizi oluşturun ve başlamak için aile ya da ev arkadaşlarını davet edin.","Wohnly — це комплексний застосунок для управління домогосподарством, який допомагає вам і вашій родині залишатися організованими разом. Чи живете ви з партнером, сусідами по кімнаті чи родиною, Wohnly тримає всіх на одній хвилі.

Керуйте спільними списками завдань, списками покупок, домашніми обов'язками, витратами, планами харчування та домашнім календарем — усе в одному місці. Кожен член домогосподарства може долучатися, відзначати завдання виконаними та бути в курсі подій у режимі реального часу.

Ключові можливості:

Спільні списки завдань та особисті задачі
Спільні списки покупок
Управління домашніми обов'язками з аналізом справедливого розподілу
Відстеження та розподіл витрат
Планування харчування з інтеграцією списку покупок
Домашній календар для заходів і розкладів
Запрошення учасників простим кодом
Наскрізне шифрування даних домогосподарства
Гарні темна та світла теми
Доступно 42 мовами
Працює на Windows, macOS, iOS, Android та в браузері
Wohnly безкоштовний. Увійдіть через Google або Apple, створіть домогосподарство та запросіть родину чи сусідів, щоб розпочати.","Wohnly là ứng dụng quản lý gia đình tất cả trong một giúp bạn và gia đình luôn có tổ chức cùng nhau. Dù bạn sống với bạn đời, bạn cùng phòng hay gia đình, Wohnly giữ tất cả mọi người trên cùng một trang.

Quản lý danh sách công việc chia sẻ, danh sách mua sắm, việc nhà, chi phí, kế hoạch bữa ăn và lịch gia đình — tất cả ở một nơi. Mỗi thành viên trong nhà có thể đóng góp, kiểm tra công việc và cập nhật theo thời gian thực.

Điểm nổi bật:

Danh sách công việc chia sẻ và nhiệm vụ cá nhân
Danh sách mua sắm cộng tác
Quản lý việc nhà với phân tích chia sẻ công bằng
Theo dõi và chia sẻ chi phí
Lập kế hoạch bữa ăn tích hợp với danh sách mua sắm
Lịch gia đình cho các sự kiện và lịch trình
Mời thành viên bằng mã đơn giản
Mã hóa đầu cuối đến đầu cuối cho dữ liệu gia đình
Giao diện tối và sáng đẹp mắt
Có sẵn trong 42 ngôn ngữ
Hoạt động trên Windows, macOS, iOS, Android và web
Wohnly miễn phí sử dụng. Đăng nhập bằng Google hoặc Apple, tạo gia đình của bạn và mời gia đình hoặc bạn cùng phòng để bắt đầu.","Wohnly is the all-in-one household management app that helps you and your family stay organized together. Whether you live with a partner, roommates, or family, Wohnly keeps everyone on the same page.

Manage shared to-do lists, shopping lists, chores, expenses, meal plans, and a household calendar — all in one place. Every member of your household can contribute, check off tasks, and stay up to date in real time.

Key highlights:

Shared to-do lists and personal tasks
Collaborative shopping lists
Chore management with fair share analytics
Expense tracking and splitting
Meal planning with shopping list integration
Household calendar for events and schedules
Invite members with a simple code
End-to-end encryption for your household data
Beautiful dark and light themes
Available in 42 languages
Works across Windows, macOS, iOS, Android, and web
Wohnly is free to use. Sign in with Google or Apple, create your household, and invite your family or roommates to get started."
"WhatsNew","Text","Windows-এর জন্য প্রাথমিক রিলিজ। কাজ, কেনাকাটার তালিকা, গৃহস্থালির কাজ, ব্যয়, খাবার পরিকল্পনা এবং ক্যালেন্ডার সহ সম্পূর্ণ গৃহস্থালি ব্যবস্থাপনা অন্তর্ভুক্ত।","Първоначално издание за Windows. Включва пълно управление на домакинството с задачи, списъци за пазаруване, домашни задължения, разходи, планиране на менюто и календар.","Windows 版首次发布，包含完整的家庭管理功能：待办事项、购物清单、家务分工、费用追踪、饮食计划和日历。","Početno izdanje za Windows. Uključuje potpuno upravljanje kućanstvom s zadacima, popisima za kupovinu, kućanskim poslovima, troškovima, planiranjem obroka i kalendarom.","Počáteční vydání pro Windows. Zahrnuje plnou správu domácnosti s úkoly, nákupními seznamy, domácími pracemi, výdaji, plánováním jídel a kalendářem.","Første udgivelse til Windows. Inkluderer fuld husholdningsstyring med opgaver, indkøbslister, huslige pligter, udgifter, madplanlægning og kalender.","Eerste release voor Windows. Inclusief volledig huishoudbeheer met taken, boodschappenlijsten, huishoudklusjes, uitgaven, maaltijdplanning en kalender.","Esmaversioon Windowsile. Sisaldab täielikku majapidamise haldamist ülesannete, ostuloendite, kodutööde, kulutuste, toiduplaneerimise ja kalendriga.","Ensimmäinen julkaisu Windowsille. Sisältää täydellisen kodinhallinnan tehtävillä, ostoslistoilla, kotitöillä, kuluilla, ateriasuunnittelulla ja kalenterilla.","Unang release para sa Windows. Kasama ang buong pamamahala ng sambahayan na may mga gawain, listahan ng pamimili, trabaho sa bahay, gastusin, pagpaplano ng pagkain, at kalendaryo.","Première version pour Windows. Comprend la gestion complète du foyer avec todos, listes de courses, corvées, dépenses, planification des repas et calendrier.","Erstveröffentlichung für Windows. Enthält die vollständige Haushaltsverwaltung mit Aufgaben, Einkaufslisten, Haushaltsaufgaben, Ausgaben, Essensplanung und Kalender.","Αρχική έκδοση για Windows. Περιλαμβάνει πλήρη διαχείριση νοικοκυριού με εργασίες, λίστες αγορών, οικιακές εργασίες, έξοδα, σχεδιασμό γευμάτων και ημερολόγιο.","Windows के लिए प्रारंभिक रिलीज़। टू-डू, खरीदारी सूचियां, घर के काम, खर्च, भोजन योजना और कैलेंडर के साथ पूर्ण घर प्रबंधन शामिल है।","Upphafsútgáfa fyrir Windows. Inniheldur fulla heimilisstjórnun með verkefnum, innkaupalista, heimilisverk, útgjöld, máltíðaráætlun og dagatal.","Első kiadás Windowsra. Teljes háztartás-kezelést tartalmaz teendőkkel, bevásárlólistákkal, háztartási feladatokkal, kiadásokkal, étkezéstervezéssel és naptárral.","Rilis awal untuk Windows. Mencakup manajemen rumah tangga lengkap dengan tugas, daftar belanja, pekerjaan rumah, pengeluaran, perencanaan makan, dan kalender.","Prima versione per Windows. Include la gestione completa della casa con todo, liste della spesa, faccende domestiche, spese, pianificazione pasti e calendario.","Windowsへの初回リリース。タスク、買い物リスト、家事、支出、献立計画、カレンダーを含む完全な家庭管理機能を搭載。","Windows 최초 출시. 할 일, 쇼핑 목록, 집안일, 지출, 식단 계획, 캘린더를 포함한 완전한 가정 관리 기능 제공.","Sākotnējais izlaidums Windows sistēmai. Ietver pilnīgu mājsaimniecības pārvaldību ar uzdevumiem, iepirkumu sarakstiem, mājas darbiem, izdevumiem, ēdienreižu plānošanu un kalendāru.","Pradinis leidimas Windows sistemai. Apima visišką namų ūkio valdymą su užduotimis, pirkinių sąrašais, namų ruošos darbais, išlaidomis, maitinimosi planavimu ir kalendoriumi.","Keluaran pertama untuk Windows. Termasuk pengurusan rumah tangga penuh dengan tugasan, senarai belanja, kerja rumah, perbelanjaan, perancangan makan, dan kalendar.","Windows साठी प्रारंभिक रिलीझ. टू-डू, खरेदी सूची, घरकाम, खर्च, जेवण नियोजन आणि दिनदर्शिकेसह संपूर्ण घर व्यवस्थापन समाविष्ट आहे.","Første utgivelse for Windows. Inkluderer full husholdningsstyring med oppgaver, handlelister, husarbeid, utgifter, måltidsplanlegging og kalender.","Pierwsze wydanie dla Windows. Zawiera pełne zarządzanie gospodarstwem domowym z zadaniami, listami zakupów, obowiązkami domowymi, wydatkami, planowaniem posiłków i kalendarzem.","Lançamento inicial para Windows. Inclui gestão doméstica completa com tarefas, listas de compras, afazeres domésticos, despesas, planejamento de refeições e calendário.","Lansare inițială pentru Windows. Include gestionarea completă a gospodăriei cu sarcini, liste de cumpărături, treburi casnice, cheltuieli, planificarea meselor și calendar.","Первый выпуск для Windows. Включает полное управление домашним хозяйством с задачами, списками покупок, домашними делами, расходами, планированием питания и календарём.","Почетно издање за Windows. Укључује потпуно управљање домаћинством са задацима, листама куповине, кућанским пословима, трошковима, планирањем оброка и календаром.","Prvé vydanie pre Windows. Zahŕňa plnú správu domácnosti s úlohami, nákupnými zoznamami, domácimi prácami, výdavkami, plánovaním jedál a kalendárom.","Začetna izdaja za Windows. Vključuje popolno upravljanje gospodinjstva z opravili, seznami nakupov, gospodinjskimi deli, stroški, načrtovanjem obrokov in koledarjem.","Lanzamiento inicial para Windows. Incluye gestión completa del hogar con tareas, listas de la compra, tareas domésticas, gastos, planificación de comidas y calendario.","Toleo la kwanza kwa Windows. Linajumuisha usimamizi kamili wa nyumba na mambo ya kufanya, orodha za manunuzi, kazi za nyumba, matumizi, mipango ya chakula, na kalenda.","Första utgåvan för Windows. Inkluderar full hushållshantering med uppgifter, inköpslistor, hushållsarbete, utgifter, måltidsplanering och kalender.","Windows க்கான ஆரம்ப வெளியீடு. பணிகள், கொள்முதல் பட்டியல்கள், வீட்டு வேலைகள், செலவுகள், உணவுத் திட்டமிடல் மற்றும் நாட்காட்டியுடன் முழு வீட்டு மேலாண்மை அடங்கியுள்ளது.","Windows కోసం ప్రారంభ విడుదల. పనులు, షాపింగ్ జాబితాలు, ఇంటి పనులు, ఖర్చులు, భోజన ప్రణాళిక మరియు క్యాలెండర్‌తో పూర్తి గృహ నిర్వహణ ఉంటుంది.","เปิดตัวครั้งแรกบน Windows รวมการบริหารจัดการบ้านแบบครบวงจรพร้อมงาน รายการช้อปปิ้ง งานบ้าน ค่าใช้จ่าย วางแผนมื้ออาหาร และปฏิทิน","Windows için ilk sürüm. Görevler, alışveriş listeleri, ev işleri, harcamalar, yemek planlaması ve takvim ile tam ev yönetimi içerir.","Перший випуск для Windows. Включає повне управління домогосподарством із завданнями, списками покупок, домашніми справами, витратами, плануванням харчування та календарем.","Bản phát hành đầu tiên cho Windows. Bao gồm quản lý gia đình đầy đủ với công việc, danh sách mua sắm, việc nhà, chi phí, lập kế hoạch bữa ăn và lịch.","Initial release for Windows. Includes full household management with todos, shopping lists, chores, expenses, meal planning, and calendar."
"ProductFeatures1","Text","শেয়ার করা এবং ব্যক্তিগত কাজের তালিকা","Споделени и лични списъци със задачи","共享与个人待办清单","Zajednički i osobni popisi zadataka","Sdílené a osobní seznamy úkolů","Delte og personlige opgavelister","Gedeelde en persoonlijke takenlijsten","Jagatud ja isiklikud ülesandeloendid","Jaetut ja henkilökohtaiset tehtävälistat","Ibinahagi at personal na listahan ng gawain","Listes de tâches partagées et personnelles","Gemeinsame und persönliche Aufgabenlisten","Κοινές και προσωπικές λίστες εργασιών","साझा और व्यक्तिगत टू-डू सूचियां","Samnýttir og persónulegir verkefnalistar","Megosztott és személyes teendőlisták","Daftar tugas bersama dan pribadi","Liste di cose da fare condivise e personali","共有・個人タスクリスト","공유 및 개인 할 일 목록","Koplietoti un personīgie uzdevumu saraksti","Bendri ir asmeniniai darbų sąrašai","Senarai tugasan bersama dan peribadi","शेअर केलेल्या आणि वैयक्तिक कार्य सूची","Delte og personlige gjøremålslister","Wspólne i osobiste listy zadań","Listas de tarefas compartilhadas e pessoais","Liste de sarcini partajate și personale","Общие и личные списки задач","Заједничке и личне листе задатака","Zdieľané a osobné zoznamy úloh","Skupni in osebni seznami opravil","Listas de tareas compartidas y personales","Orodha za mambo ya kufanya zilizoshirikiwa na za kibinafsi","Delade och personliga att-göra-listor","பகிரப்பட்ட மற்றும் தனிப்பட்ட பணி பட்டியல்கள்","పంచుకున్న మరియు వ్యక్తిగత పని జాబితాలు","รายการงานร่วมและส่วนตัว","Paylaşılan ve kişisel yapılacaklar listeleri","Спільні та особисті списки завдань","Danh sách công việc chia sẻ và cá nhân","Shared to-do lists and personal tasks"
"ProductFeatures2","Text","সহযোগিতামূলক কেনাকাটার তালিকা","Съвместни списъци за пазаруване","协作购物清单","Suradnički popisi za kupovinu","Kolaborativní nákupní seznamy","Fælles indkøbslister","Gezamenlijke boodschappenlijsten","Koostöös ostuloendid","Yhteistyölliset ostoslistat","Mga collaborative na listahan ng pamimili","Listes de courses collaboratives","Kollaborative Einkaufslisten","Συνεργατικές λίστες αγορών","सहयोगी खरीदारी सूचियां","Samstarfsinnkaupalista","Közös bevásárlólisták","Daftar belanja kolaboratif","Liste della spesa collaborative","共同買い物リスト","협업 쇼핑 목록","Sadarbības iepirkumu saraksti","Bendradarbiavimo pirkinių sąrašai","Senarai belanja kolaboratif","सहयोगी खरेदी सूची","Felles handlelister","Współdzielone listy zakupów","Listas de compras colaborativas","Liste de cumpărături colaborative","Совместные списки покупок","Колаборативне листе куповине","Kolaboratívne nákupné zoznamy","Sodelovalni seznami nakupov","Listas de la compra colaborativas","Orodha za manunuzi za pamoja","Gemensamma inköpslistor","கூட்டு கொள்முதல் பட்டியல்கள்","సహకార షాపింగ్ జాబితాలు","รายการช้อปปิ้งแบบร่วมมือกัน","İşbirliğine dayalı alışveriş listeleri","Спільні списки покупок","Danh sách mua sắm cộng tác","Collaborative shopping lists"
"ProductFeatures3","Text","বিশ্লেষণ সহ গৃহস্থালির কাজ ট্র্যাকিং","Проследяване на домашни задължения с анализ","家务追踪与分担分析","Praćenje kućanskih poslova s analizom","Sledování domácích prací s analýzou","Sporing af huslige pligter med analyse","Bijhouden van huishoudklusjes met analyse","Kodutööde jälgimine analüüsiga","Kotitöiden seuranta analytiikalla","Pagsubaybay ng trabaho sa bahay na may analytics","Suivi des corvées avec analyse","Haushaltsaufgaben mit Verteilungsanalyse","Παρακολούθηση οικιακών εργασιών με ανάλυση","विश्लेषण के साथ घर के काम की ट्रैकिंग","Eftirlit með heimilisverk með greiningu","Háztartási feladatok követése elemzéssel","Pelacakan pekerjaan rumah dengan analitik","Monitoraggio delle faccende con analisi","分析機能付きの家事管理","분석 기능이 포함된 집안일 관리","Mājas darbu izsekošana ar analīzi","Namų ruošos darbų sekimas su analize","Penjejakan kerja rumah dengan analitik","विश्लेषणासह घरकाम ट्रॅकिंग","Sporing av husarbeid med analyse","Śledzenie obowiązków domowych z analizą","Acompanhamento de tarefas domésticas com análise","Urmărirea treburilor casnice cu analiză","Отслеживание домашних обязанностей с аналитикой","Праћење кућанских послова са анализом","Sledovanie domácich prác s analýzou","Sledenje gospodinjskim delom z analizo","Seguimiento de tareas del hogar con análisis","Ufuatiliaji wa kazi za nyumba na uchambuzi","Spårning av hushållsuppgifter med analys","பகுப்பாய்வுடன் வீட்டு வேலை கண்காணிப்பு","విశ్లేషణతో ఇంటి పని ట్రాకింగ్","ติดตามงานบ้านพร้อมวิเคราะห์","Analitiği olan ev işi takibi","Відстеження домашніх обов'язків з аналітикою","Theo dõi việc nhà với phân tích","Chore tracking with fair share analytics"
"ProductFeatures4","Text","ব্যয় ট্র্যাকিং এবং বিল বিভাজন","Проследяване на разходи и разделяне на сметки","费用追踪与账单分摊","Praćenje troškova i dijeljenje računa","Sledování výdajů a rozdělování účtů","Udgiftssporing og regningsdeling","Uitgaven bijhouden en rekeningen splitsen","Kulutuste jälgimine ja arvete jagamine","Kulujen seuranta ja laskujen jako","Pagsubaybay ng gastusin at paghahati ng bayarin","Suivi des dépenses et partage des factures","Ausgabenverfolgung und Kostenaufteilung","Παρακολούθηση εξόδων και διαχωρισμός λογαριασμών","खर्च ट्रैकिंग और बिल विभाजन","Útgjaldaeftirlit og reikningsskipting","Kiadások követése és számlamegosztás","Pelacakan pengeluaran dan pembagian tagihan","Monitoraggio delle spese e suddivisione delle bollette","支出追跡と費用分割","지출 추적 및 청구서 분할","Izdevumu izsekošana un rēķinu dalīšana","Išlaidų sekimas ir sąskaitų pasidalijimas","Penjejakan perbelanjaan dan pembahagian bil","खर्च ट्रॅकिंग आणि बिल विभाजन","Utgiftssporing og regningsdeling","Śledzenie wydatków i podział rachunków","Controle de despesas e divisão de contas","Urmărirea cheltuielilor și împărțirea facturilor","Учёт расходов и разделение счетов","Праћење трошкова и дељење рачуна","Sledovanie výdavkov a rozdelenie účtov","Sledenje stroškom in delitev računov","Seguimiento de gastos y división de facturas","Ufuatiliaji wa matumizi na mgawanyo wa bili","Utgiftsspårning och delning av räkningar","செலவு கண்காணிப்பு மற்றும் பில் பிரிவு","ఖర్చు ట్రాకింగ్ మరియు బిల్ విభజన","ติดตามค่าใช้จ่ายและแบ่งบิล","Harcama takibi ve fatura bölüşme","Облік витрат та розподіл рахунків","Theo dõi chi phí và chia hóa đơn","Expense tracking and bill splitting"
"ProductFeatures5","Text","উপাদান সিঙ্কের সাথে খাবার পরিকল্পনা","Планиране на менюто с синхронизация на съставките","饮食计划与食材同步","Planiranje obroka s sinkronizacijom sastojaka","Plánování jídel se synchronizací ingrediencí","Madplanlægning med ingredienssync","Maaltijdplanning met ingrediëntensync","Söögikordade planeerimine koostisainete sünkroniseerimisega","Ateriasuunnittelu ainesosien synkronoinnilla","Pagpaplano ng pagkain na may pag-sync ng sangkap","Planification des repas avec synchronisation des ingrédients","Essensplanung mit Zutaten-Synchronisierung","Σχεδιασμός γευμάτων με συγχρονισμό υλικών","सामग्री सिंक के साथ भोजन योजना","Máltíðaráætlun með samstillingu hráefna","Étkezéstervezés hozzávaló szinkronizálással","Perencanaan makan dengan sinkronisasi bahan","Pianificazione pasti con sincronizzazione ingredienti","食材同期付きの献立計画","재료 동기화가 포함된 식단 계획","Ēdienreižu plānošana ar ingredientu sinhronizāciju","Maitinimosi planavimas su ingredientų sinchronizavimu","Perancangan makan dengan penyegerakan bahan","घटक सिंकसह जेवण नियोजन","Måltidsplanlegging med ingredienssynkronisering","Planowanie posiłków z synchronizacją składników","Planejamento de refeições com sincronização de ingredientes","Planificarea meselor cu sincronizarea ingredientelor","Планирование питания с синхронизацией ингредиентов","Планирање оброка са синхронизацијом састојака","Plánovanie jedál so synchronizáciou ingrediencií","Načrtovanje obrokov s sinhronizacijo sestavin","Planificación de comidas con sincronización de ingredientes","Mipango ya chakula na usawazishaji wa viungo","Måltidsplanering med ingredienssynkronisering","பொருட்கள் ஒத்திசைவுடன் உணவுத் திட்டமிடல்","పదార్థాల సమకాలీకరణతో భోజన ప్రణాళిక","วางแผนมื้ออาหารพร้อมซิงค์วัตถุดิบ","Malzeme senkronizasyonlu yemek planlaması","Планування харчування із синхронізацією інгредієнтів","Lập kế hoạch bữa ăn với đồng bộ nguyên liệu","Meal planning with ingredient sync"
"ProductFeatures6","Text","পারিবারিক ক্যালেন্ডার এবং ইভেন্ট","Домашен календар и събития","家庭日历与活动管理","Kalendar kućanstva i događaji","Rodinný kalendář a události","Husstandskalender og begivenheder","Huishoudkalender en afspraken","Majapidamiskalender ja sündmused","Kotitalouskalenteri ja tapahtumat","Kalendaryo ng sambahayan at mga kaganapan","Calendrier familial et événements","Haushaltskalender und Termine","Οικιακό ημερολόγιο και εκδηλώσεις","घरेलू कैलेंडर और कार्यक्रम","Heimiliisdagatal og viðburðir","Háztartási naptár és események","Kalender rumah tangga dan acara","Calendario familiare ed eventi","家庭カレンダーとイベント","가족 캘린더 및 일정","Mājsaimniecības kalendārs un pasākumi","Namų ūkio kalendorius ir renginiai","Kalendar rumah tangga dan acara","घरेलू दिनदर्शिका आणि कार्यक्रम","Husstandskalender og hendelser","Kalendarz domowy i wydarzenia","Calendário doméstico e eventos","Calendar gospodăresc și evenimente","Домашний календарь и события","Календар домаћинства и догађаји","Domácnostný kalendár a udalosti","Gospodinjski koledar in dogodki","Calendario del hogar y eventos","Kalenda ya nyumba na matukio","Hushållskalender och händelser","வீட்டு நாட்காட்டி மற்றும் நிகழ்வுகள்","గృహ క్యాలెండర్ మరియు ఈవెంట్లు","ปฏิทินครัวเรือนและกิจกรรม","Ev takvimi ve etkinlikler","Домашній календар та заходи","Lịch gia đình và sự kiện","Household calendar and events"
"ProductFeatures7","Text","এন্ড-টু-এন্ড এনক্রিপ্টেড গৃহস্থালির ডেটা","Криптирани данни на домакинството от край до край","家庭数据端对端加密","End-to-end šifrirani podaci kućanstva","Data domácnosti šifrovaná od konce ke konci","End-to-end-krypterede husstandsdata","End-to-end versleutelde huishoudgegevens","Täielikult krüpteeritud majapidamisandmed","Päästä päähän -salatut kotitaloustiedot","End-to-end na naka-encrypt na datos ng sambahayan","Données du foyer chiffrées de bout en bout","Ende-zu-Ende-verschlüsselte Haushaltsdaten","Δεδομένα νοικοκυριού κρυπτογραφημένα από άκρο σε άκρο","एंड-टू-एंड एन्क्रिप्टेड घरेलू डेटा","Enda-í-enda dulkóðuð heimilisgögn","Végpontok közötti titkosított háztartási adatok","Data rumah tangga terenkripsi end-to-end","Dati familiari crittografati end-to-end","エンドツーエンド暗号化された家庭データ","종단간 암호화된 가정 데이터","Pilnīgi šifrēti mājsaimniecības dati","Galinis-galinis šifruoti namų ūkio duomenys","Data rumah tangga disulitkan hujung ke hujung","एंड-टू-एंड एन्क्रिप्टेड घरेलू डेटा","Ende-til-ende-krypterte husstandsdata","Dane domowe szyfrowane end-to-end","Dados domésticos criptografados de ponta a ponta","Date ale gospodăriei criptate end-to-end","Данные домашнего хозяйства с полным шифрованием","Подаци домаћинства шифровани с краја на крај","Dáta domácnosti šifrované od konca ku koncu","Gospodinjski podatki šifrirani od konca do konca","Datos del hogar cifrados de extremo a extremo","Data ya nyumba iliyosimbwa fiche mwisho-kwa-mwisho","Heltäckande krypterade hushållsdata","முனை-முதல்-முனை குறியாக்கப்பட்ட வீட்டு தரவு","ఎండ్-టు-ఎండ్ ఎన్‌క్రిప్టెడ్ గృహ డేటా","ข้อมูลครัวเรือนเข้ารหัส end-to-end","Uçtan uca şifreli ev verileri","Дані домогосподарства із наскрізним шифруванням","Dữ liệu gia đình mã hóa đầu cuối","End-to-end encrypted household data"
"ProductFeatures8","Text","সমস্ত ডিভাইসে রিয়েল-টাইম সিঙ্ক","Синхронизация в реално време на всички устройства","全设备实时同步","Sinkronizacija u stvarnom vremenu na svim uređajima","Synchronizace v reálném čase na všech zařízeních","Realtidssynkronisering på alle enheder","Realtime synchronisatie op alle apparaten","Reaalajas sünkroniseerimine kõigis seadmetes","Reaaliaikainen synkronointi kaikilla laitteilla","Real-time na pag-sync sa lahat ng device","Synchronisation en temps réel sur tous les appareils","Echtzeit-Synchronisierung auf allen Geräten","Συγχρονισμός σε πραγματικό χρόνο σε όλες τις συσκευές","सभी उपकरणों पर रियल-टाइम सिंक","Rauntíma samstilling á öllum tækjum","Valós idejű szinkronizálás minden eszközön","Sinkronisasi real-time di semua perangkat","Sincronizzazione in tempo reale su tutti i dispositivi","全デバイスでのリアルタイム同期","모든 기기에서 실시간 동기화","Reāllaika sinhronizācija visās ierīcēs","Realaus laiko sinchronizavimas visuose įrenginiuose","Penyegerakan masa nyata di semua peranti","सर्व डिव्हाइसवर रिअल-टाइम सिंक","Sanntidssynkronisering på alle enheter","Synchronizacja w czasie rzeczywistym na wszystkich urządzeniach","Sincronização em tempo real em todos os dispositivos","Sincronizare în timp real pe toate dispozitivele","Синхронизация в реальном времени на всех устройствах","Синхронизација у реалном времену на свим уређајима","Synchronizácia v reálnom čase na všetkých zariadeniach","Sinhronizacija v realnem času na vseh napravah","Sincronización en tiempo real en todos los dispositivos","Usawazishaji wa wakati halisi kwenye vifaa vyote","Realtidssynkronisering på alla enheter","அனைத்து சாதனங்களிலும் நிகழ்நேர ஒத்திசைவு","అన్ని పరికరాలలో నిజ-సమయ సమకాలీకరణ","ซิงค์แบบเรียลไทม์บนทุกอุปกรณ์","Tüm cihazlarda gerçek zamanlı senkronizasyon","Синхронізація в режимі реального часу на всіх пристроях","Đồng bộ thời gian thực trên tất cả thiết bị","Real-time sync across all devices"
"ProductFeatures9","Text","৪২টি ভাষায় উপলব্ধ","Достъпно на 42 езика","支持 42 种语言","Dostupno na 42 jezika","K dispozici ve 42 jazycích","Tilgængelig på 42 sprog","Beschikbaar in 42 talen","Saadaval 42 keeles","Saatavilla 42 kielellä","Available sa 42 wika","Disponible en 42 langues","In 42 Sprachen verfügbar","Διαθέσιμο σε 42 γλώσσες","42 भाषाओं में उपलब्ध","Í boði á 42 tungumálum","42 nyelven elérhető","Tersedia dalam 42 bahasa","Disponibile in 42 lingue","42言語対応","42개 언어 지원","Pieejama 42 valodās","Prieinama 42 kalbomis","Tersedia dalam 42 bahasa","42 भाषांमध्ये उपलब्ध","Tilgjengelig på 42 språk","Dostępne w 42 językach","Disponível em 42 idiomas","Disponibil în 42 de limbi","Доступно на 42 языках","Доступно на 42 језика","K dispozícii v 42 jazykoch","Na voljo v 42 jezikih","Disponible en 42 idiomas","Inapatikana katika lugha 42","Tillgänglig på 42 språk","42 மொழிகளில் கிடைக்கிறது","42 భాషల్లో అందుబాటులో ఉంది","รองรับ 42 ภาษา","42 dilde mevcut","Доступно 42 мовами","Có sẵn trong 42 ngôn ngữ","Available in 42 languages"
"ProductFeatures10","Text","ডার্ক এবং লাইট থিম","Тъмни и светли теми","深色与浅色主题","Tamne i svjetle teme","Tmavá a světlá témata","Mørke og lyse temaer","Donkere en lichte thema's","Tume ja hele teema","Tummat ja vaaleat teemat","Madilim at maliwanag na tema","Thèmes sombre et clair","Dunkles und helles Design","Σκούρα και ανοιχτά θέματα","डार्क और लाइट थीम","Dökk og ljós þemu","Sötét és világos témák","Tema gelap dan terang","Temi scuro e chiaro","ダーク・ライトテーマ","다크 및 라이트 테마","Tumšas un gaišas tēmas","Tamsios ir šviesios temos","Tema gelap dan terang","डार्क आणि लाइट थीम","Mørke og lyse temaer","Ciemny i jasny motyw","Temas escuro e claro","Teme întunecate și deschise","Тёмная и светлая темы","Тамне и светле теме","Tmavé a svetlé témy","Temne in svetle teme","Temas oscuro y claro","Mandhari ya giza na mwanga","Mörka och ljusa teman","இருள் மற்றும் வெளிர் தீம்கள்","డార్క్ మరియు లైట్ థీమ్‌లు","ธีมมืดและสว่าง","Koyu ve açık temalar","Темна та світла теми","Giao diện tối và sáng","Dark and light themes"
"ProductFeatures11","Text","","","","","","","","","","","","","","","","","","","","","","","","","","","","","","","","","","","","","","","","","",""
"ProductFeatures12","Text","","","","","","","","","","","","","","","","","","","","","","","","","","","","","","","","","","","","","","","","","",""
"ProductFeatures13","Text","","","","","","","","","","","","","","","","","","","","","","","","","","","","","","","","","","","","","","","","","",""
"ProductFeatures14","Text","","","","","","","","","","","","","","","","","","","","","","","","","","","","","","","","","","","","","","","","","",""
"ProductFeatures15","Text","","","","","","","","","","","","","","","","","","","","","","","","","","","","","","","","","","","","","","","","","",""
"ProductFeatures16","Text","","","","","","","","","","","","","","","","","","","","","","","","","","","","","","","","","","","","","","","","","",""
"ProductFeatures17","Text","","","","","","","","","","","","","","","","","","","","","","","","","","","","","","","","","","","","","","","","","",""
"ProductFeatures18","Text","","","","","","","","","","","","","","","","","","","","","","","","","","","","","","","","","","","","","","","","","",""
"ProductFeatures19","Text","","","","","","","","","","","","","","","","","","","","","","","","","","","","","","","","","","","","","","","","","",""
"ProductFeatures20","Text","","","","","","","","","","","","","","","","","","","","","","","","","","","","","","","","","","","","","","","","","",""
"ShortDescription","Text","Wohnly হল পরিবার ও রুমমেটদের জন্য গৃহস্থালি ব্যবস্থাপনা অ্যাপ — কাজ, কেনাকাটা, গৃহস্থালির কাজ, ব্যয় ও খাবার পরিকল্পনা এক জায়গায়।","Wohnly е приложението за управление на домакинството за семейства и съквартиранти — задачи, пазаруване, задължения, разходи и планиране на менюто на едно място.","Wohnly 是面向家庭和室友的家庭管理应用——待办事项、购物、家务、费用与饮食计划，一站搞定。","Wohnly je aplikacija za upravljanje kućanstvom za obitelji i cimere — zadaci, kupovina, kućanski poslovi, troškovi i planiranje obroka na jednom mjestu.","Wohnly je aplikace pro správu domácnosti pro rodiny a spolubydlící — úkoly, nákupy, domácí práce, výdaje a plánování jídel na jednom místě.","Wohnly er husholdningsappen til familier og bofæller — opgaver, indkøb, huslige pligter, udgifter og madplanlægning samlet ét sted.","Wohnly is de huishoudapp voor gezinnen en huisgenoten — taken, boodschappen, klusjes, uitgaven en maaltijdplanning op één plek.","Wohnly on majapidamise rakendus peredele ja toakaaslastele — ülesanded, ostlemine, kodutööd, kulutused ja toiduplaneerimine ühes kohas.","Wohnly on kodinhallinnan sovellus perheille ja kämppäkavereille — tehtävät, ostokset, kotityöt, kulut ja ateriasuunnittelu yhdessä paikassa.","Ang Wohnly ay ang app para sa pamamahala ng tahanan para sa mga pamilya at kasama sa silid — mga gawain, pamimili, trabaho sa bahay, gastusin, at pagpaplano ng pagkain sa isang lugar.","Wohnly est l'app de gestion du foyer pour familles et colocataires — tâches, courses, corvées, dépenses et repas réunis en un seul endroit.","Wohnly ist die Haushalts-App für Familien und Mitbewohner – Aufgaben, Einkauf, Hausarbeit, Ausgaben und Essensplanung an einem Ort.","Το Wohnly είναι η εφαρμογή διαχείρισης νοικοκυριού για οικογένειες και συγκατοίκους — εργασίες, αγορές, οικιακά, έξοδα και σχεδιασμός γευμάτων σε ένα μέρος.","Wohnly परिवारों और रूममेट्स के लिए घर प्रबंधन ऐप है — कार्य, खरीदारी, घर के काम, खर्च और भोजन योजना एक जगह।","Wohnly er heimilisstjórnunarforrit fyrir fjölskyldur og herbergisfélaga — verkefni, innkaup, heimilisverk, útgjöld og máltíðaráætlun á einum stað.","A Wohnly háztartás-kezelő app családoknak és szobatársaknak — teendők, bevásárlás, háztartási feladatok, kiadások és étkezéstervezés egy helyen.","Wohnly adalah aplikasi manajemen rumah tangga untuk keluarga dan teman sekamar — tugas, belanja, pekerjaan rumah, pengeluaran, dan rencana makan dalam satu tempat.","Wohnly è l'app di gestione della casa per famiglie e coinquilini — attività, spesa, faccende, spese e pianificazione pasti in un solo posto.","Wohnlyは家族やルームメイトのための家庭管理アプリ。タスク、買い物、家事、支出、献立計画をひとつにまとめて。","Wohnly는 가족과 룸메이트를 위한 가정 관리 앱 — 할 일, 쇼핑, 집안일, 지출, 식단 계획을 한 곳에서.","Wohnly ir mājsaimniecības pārvaldības lietotne ģimenēm un istabas biedriem — uzdevumi, iepirkumi, mājas darbi, izdevumi un ēdienreižu plānošana vienā vietā.","Wohnly – namų ūkio valdymo programa šeimoms ir kambario draugams: užduotys, pirkiniai, namų ruoša, išlaidos ir maitinimosi planavimas vienoje vietoje.","Wohnly ialah apl pengurusan rumah tangga untuk keluarga dan rakan serumah — tugasan, belanja, kerja rumah, perbelanjaan, dan perancangan makan di satu tempat.","Wohnly हे कुटुंब आणि रूममेट्ससाठी घर व्यवस्थापन अॅप आहे — कार्ये, खरेदी, घरकाम, खर्च आणि जेवण नियोजन एका ठिकाणी.","Wohnly er husstandsappen for familier og romkamerater — oppgaver, handel, husarbeid, utgifter og måltidsplanlegging samlet på ett sted.","Wohnly to aplikacja do zarządzania domem dla rodzin i współlokatorów — zadania, zakupy, obowiązki, wydatki i planowanie posiłków w jednym miejscu.","Wohnly é o app de gestão doméstica para famílias e colegas de quarto — tarefas, compras, afazeres, despesas e planejamento de refeições em um lugar.","Wohnly este aplicația de gestionare a casei pentru familii și colegi de cameră — sarcini, cumpărături, treburi casnice, cheltuieli și planificarea meselor într-un singur loc.","Wohnly — приложение для управления домом для семей и соседей — задачи, покупки, домашние дела, расходы и планирование питания в одном месте.","Wohnly је апликација за управљање домаћинством за породице и цимере — задаци, куповина, кућански послови, трошкови и планирање оброка на једном месту.","Wohnly je aplikácia na správu domácnosti pre rodiny a spolubývajúcich — úlohy, nákupy, domáce práce, výdavky a plánovanie jedál na jednom mieste.","Wohnly je aplikacija za upravljanje gospodinjstva za družine in sostanovalce — opravila, nakupi, gospodinjska dela, stroški in načrtovanje obrokov na enem mestu.","Wohnly es la app de gestión del hogar para familias y compañeros — tareas, compras, tareas domésticas, gastos y planificación de comidas en un solo lugar.","Wohnly ni programu ya usimamizi wa nyumba kwa familia na wanachumba — kazi, manunuzi, majukumu ya nyumba, matumizi, na mipango ya chakula mahali pamoja.","Wohnly är hushållsappen för familjer och rumskamrater — uppgifter, inköp, hushållsarbete, utgifter och måltidsplanering på ett ställe.","Wohnly குடும்பங்கள் மற்றும் அறைத்தோழர்களுக்கான வீட்டு மேலாண்மை செயலி — பணிகள், கொள்முதல், வீட்டு வேலைகள், செலவுகள் மற்றும் உணவுத் திட்டமிடல் ஒரே இடத்தில்.","Wohnly కుటుంబాలు మరియు రూమ్‌మేట్‌ల కోసం గృహ నిర్వహణ యాప్ — పనులు, షాపింగ్, ఇంటి పనులు, ఖర్చులు మరియు భోజన ప్రణాళిక ఒకే చోట.","Wohnly คือแอปบริหารบ้านสำหรับครอบครัวและเพื่อนร่วมห้อง — งาน ช้อปปิ้ง งานบ้าน ค่าใช้จ่าย และวางแผนมื้ออาหารในที่เดียว","Wohnly aileler ve ev arkadaşları için ev yönetimi uygulamasıdır — görevler, alışveriş, ev işleri, harcamalar ve yemek planlaması tek bir yerde.","Wohnly — застосунок для управління домом для родин і сусідів — завдання, покупки, домашні справи, витрати та планування харчування в одному місці.","Wohnly là ứng dụng quản lý nhà cho gia đình và bạn cùng phòng — công việc, mua sắm, việc nhà, chi phí và kế hoạch bữa ăn ở một nơi.",""
"SearchTerms1","Text","গৃহস্থালি ব্যবস্থাপনা অ্যাপ","приложение за управление на домакинство","家庭管理应用","aplikacija za upravljanje kućanstvom","aplikace pro správu domácnosti","husholdningsstyring app","huishoudbeheersapp","majapidamise haldamise rakendus","kodinhallinnan sovellus","app para sa pamamahala ng tahanan","application gestion foyer","Haushaltsverwaltung App","εφαρμογή διαχείρισης νοικοκυριού","घर प्रबंधन ऐप","heimilisstjórnunarforrit","háztartás-kezelő alkalmazás","aplikasi manajemen rumah tangga","app gestione casa","家庭管理アプリ","가정 관리 앱","mājsaimniecības pārvaldības lietotne","namų ūkio valdymo programa","aplikasi pengurusan rumah tangga","घर व्यवस्थापन अॅप","husholdningsstyring app","aplikacja do zarządzania domem","aplicativo de gestão doméstica","aplicație gestionare gospodărie","приложение для управления домом","апликација за управљање домаћинством","aplikácia na správu domácnosti","aplikacija za upravljanje gospodinjstva","app de gestión del hogar","programu ya usimamizi wa nyumba","hushållshanteringsapp","வீட்டு மேலாண்மை செயலி","గృహ నిర్వహణ యాప్","แอปบริหารจัดการบ้าน","ev yönetimi uygulaması","застосунок для управління домом","ứng dụng quản lý gia đình","household management app"
"SearchTerms2","Text","পারিবারিক অর্গানাইজার","семеен органайзер","家庭日程管理","obiteljski organizator","rodinný organizér","familie organizer app","gezinsorganizer app","pere organisaator","perheorganisaattori","family organizer app","organisateur familial","Familien-Organizer App","οικογενειακός οργανωτής","पारिवारिक ऑर्गेनाइज़र ऐप","fjölskylduorganizer","családi szervező app","pengatur keluarga","organizer famiglia","家族オーガナイザーアプリ","가족 정리 앱","ģimenes organizators","šeimos organizatorius","pengatur keluarga","कौटुंबिक आयोजक","familie organizer app","organizer rodzinny","organizador familiar","organizator familie","семейный органайзер","породични органајзер","rodinný organizér","družinski organizator","organizador familiar","mpangaji wa familia","familjeorganisatör app","குடும்ப ஆர்கனைசர்","కుటుంబ ఆర్గనైజర్","แอปจัดระเบียบครอบครัว","aile organizasyon uygulaması","сімейний органайзер","ứng dụng tổ chức gia đình","family organizer app"
"SearchTerms3","Text","শেয়ার করা কাজের তালিকা","споделени списъци със задачи","共享待办清单","zajednički popisi zadataka","sdílené seznamy úkolů","delte opgavelister","gedeelde takenlijsten","jagatud ülesandeloendid","jaetut tehtävälistat","ibinahaging listahan ng gawain","listes de tâches partagées","gemeinsame Aufgabenlisten","κοινές λίστες εργασιών","साझा टू-डू सूचियां","samnýttir verkefnalistar","megosztott teendőlisták","daftar tugas bersama","liste di cose da fare condivise","共有タスクリスト","공유 할 일 목록","koplietoti uzdevumu saraksti","bendri darbų sąrašai","senarai tugasan bersama","शेअर केलेल्या कार्य सूची","delte gjøremålslister","wspólne listy zadań","listas de tarefas compartilhadas","liste de sarcini partajate","общие списки задач","заједничке листе задатака","zdieľané zoznamy úloh","skupni seznami opravil","listas de tareas compartidas","orodha ya kufanya ya pamoja","delade att-göra-listor","பகிரப்பட்ட பணி பட்டியல்கள்","పంచుకున్న పని జాబితాలు","รายการงานร่วม","paylaşılan yapılacaklar listeleri","спільні списки завдань","danh sách công việc chia sẻ","shared to-do lists"
"SearchTerms4","Text","সহযোগিতামূলক কেনাকাটার তালিকা","съвместни списъци за пазаруване","协作购物清单","suradnički popis za kupovinu","kolaborativní nákupní seznam","fælles indkøbsliste","gezamenlijke boodschappenlijst","koostöös ostuloend","yhteistyöllinen ostoslista","collaborative na listahan ng pamimili","liste de courses collaborative","kollaborative Einkaufsliste","συνεργατική λίστα αγορών","सहयोगी खरीदारी सूची","samstarfsinnkaupalisti","közös bevásárlólista","daftar belanja kolaboratif","lista della spesa collaborativa","共同買い物リスト","협업 쇼핑 목록","sadarbības iepirkumu saraksts","bendradarbiavimo pirkinių sąrašas","senarai belanja bersama","सहयोगी खरेदी सूची","felles handleliste","współdzielona lista zakupów","lista de compras colaborativa","listă de cumpărături colaborativă","совместный список покупок","колаборативна листа куповине","kolaboratívny nákupný zoznam","sodelovalni seznam nakupov","lista de la compra colaborativa","orodha ya manunuzi ya pamoja","gemensam inköpslista","கூட்டு கொள்முதல் பட்டியல்","సహకార షాపింగ్ జాబితా","รายการช้อปปิ้งร่วมกัน","ortak alışveriş listesi","спільний список покупок","danh sách mua sắm cộng tác","collaborative shopping lists"
"SearchTerms5","Text","গৃহস্থালির কাজ ব্যবস্থাপনা","управление на домашни задължения","家务管理应用","upravljanje kućanskim poslovima","správa domácích prací","huslige pligter app","huishoudelijke taken app","kodutööde haldamine","kotitöiden hallinta","pamamahala ng trabaho sa bahay","gestion des corvées","Haushaltsaufgaben App","διαχείριση οικιακών εργασιών","घर के काम प्रबंधन ऐप","stjórnun heimilisverk","háztartási feladatok kezelése","manajemen pekerjaan rumah","gestione faccende domestiche","家事管理アプリ","집안일 관리 앱","mājas darbu pārvaldīšana","namų ruošos valdymas","pengurusan kerja rumah","घरकाम व्यवस्थापन","husarbeid app","zarządzanie obowiązkami domowymi","gerenciamento de tarefas domésticas","gestionare treburi casnice","приложение для домашних обязанностей","управљање кућанским пословима","správa domácich prác","upravljanje gospodinjskih del","gestión de tareas domésticas","usimamizi wa kazi za nyumba","hushållsuppgiftshantering","வீட்டு வேலை மேலாண்மை","ఇంటి పని నిర్వహణ","บริหารงานบ้าน","ev işleri yönetimi","управління домашніми обов'язками","quản lý việc nhà","chore management app"
"SearchTerms6","Text","ব্যয় ট্র্যাকিং অ্যাপ","проследяване на разходи","费用追踪应用","praćenje troškova","sledování výdajů","udgiftssporing app","uitgaven bijhouden app","kulutuste jälgimine","kulujen seuranta","pagsubaybay ng gastusin","suivi des dépenses","Ausgaben verfolgen App","παρακολούθηση εξόδων","खर्च ट्रैकिंग ऐप","útgjaldaeftirlit","kiadások követése","pelacakan pengeluaran","monitoraggio spese","支出管理アプリ","지출 추적 앱","izdevumu izsekošana","išlaidų sekimas","penjejakan perbelanjaan","खर्च ट्रॅकिंग अॅप","utgiftssporing app","śledzenie wydatków","controle de despesas","urmărire cheltuieli","учёт расходов","праћење трошкова","sledovanie výdavkov","sledenje stroškov","seguimiento de gastos","ufuatiliaji wa matumizi","utgiftsspårning app","செலவு கண்காணிப்பு","ఖర్చు ట్రాకింగ్ యాప్","ติดตามค่าใช้จ่าย","harcama takip uygulaması","відстеження витрат","theo dõi chi phí","expense tracking app"
"SearchTerms7","Text","ব্যয় বিভাজন অ্যাপ","разделяне на разходи приложение","账单分摊应用","aplikacija za dijeljenje troškova","rozdělování výdajů aplikace","udgiftsdeling app","kosten delen app","kulutuste jagamise rakendus","kulujen jako sovellus","app para sa paghahati ng gastusin","partage de dépenses application","Kosten teilen App","εφαρμογή διαχωρισμού εξόδων","खर्च विभाजन ऐप","útgjaldaskiptingarforrit","kiadásmegosztó alkalmazás","aplikasi bagi-bagi tagihan","app divisione spese","費用分割アプリ","지출 분할 앱","izdevumu dalīšanas lietotne","išlaidų pasidalijimo programa","aplikasi bahagi perbelanjaan","खर्च विभाजन अॅप","utgiftsdeling app","aplikacja do podziału kosztów","aplicativo para dividir despesas","aplicație împărțire cheltuieli","приложение для разделения расходов","апликација за дељење трошкова","aplikácia na rozdelenie nákladov","aplikacija za delitev stroškov","app para dividir gastos","programu ya mgawanyo wa gharama","utgiftsdelningsapp","செலவு பிரிவு செயலி","ఖర్చు విభజన యాప్","แอปแบ่งค่าใช้จ่าย","harcama bölüşme uygulaması","застосунок для розподілу витрат","ứng dụng chia sẻ chi phí","expense splitting app"
"Applicable license terms","Text","Wohnly ব্যবহার করে, আপনি https://wohnly.app/privacy-policy-এ পাওয়া পরিষেবার শর্তাবলী এবং গোপনীয়তা নীতিতে সম্মত হচ্ছেন। Wohnly কোনো ওয়ারেন্টি ছাড়াই ""যেমন আছে"" ভিত্তিতে প্রদান করা হয়। সফটওয়্যারটি বিনামূল্যে ব্যবহারযোগ্য। আপনার গৃহস্থালির ডেটা এন্ড-টু-এন্ড এনক্রিপ্টেড এবং নিরাপদে সংরক্ষিত। অ্যাপের মধ্যে আপনি যে সমস্ত সামগ্রী তৈরি করেন তার মালিকানা আপনার কাছেই থাকে।","Използвайки Wohnly, вие се съгласявате с Условията за ползване и Политиката за поверителност, достъпни на https://wohnly.app/privacy-policy. Wohnly се предоставя „както е"" без никакви гаранции. Приложението е безплатно. Данните на домакинството ви са криптирани от край до край и съхранявани сигурно. Вие запазвате собствеността върху цялото съдържание, създадено в приложението.","使用 Wohnly，即表示您同意 https://wohnly.app/privacy-policy 上的服务条款和隐私政策。Wohnly 按""现状""提供，不附带任何形式的保证。本软件免费使用。您的家庭数据经过端对端加密并安全存储。您对在应用内创建的所有内容保留完整所有权。","Korištenjem Wohnlyja, prihvaćate Uvjete pružanja usluge i Pravila privatnosti dostupna na https://wohnly.app/privacy-policy. Wohnly se pruža ""takav kakav jest"" bez ikakvih jamstava. Softver je besplatan za korištenje. Podaci vašeg kućanstva su end-to-end šifrirani i sigurno pohranjeni. Zadržavate vlasništvo nad svim sadržajem koji stvorite unutar aplikacije.","Používáním Wohnly souhlasíte s Podmínkami použití a Zásadami ochrany osobních údajů dostupnými na https://wohnly.app/privacy-policy. Wohnly je poskytován „tak jak je"" bez záruky jakéhokoli druhu. Software je zdarma. Data vaší domácnosti jsou šifrována od konce ke konci a bezpečně uložena. Vlastnictví veškerého obsahu, který vytvoříte v aplikaci, zůstává vám.","Ved at bruge Wohnly accepterer du Servicevilkårene og Privatlivspolitikken, der er tilgængelig på https://wohnly.app/privacy-policy. Wohnly leveres ""som det er"" uden garanti af nogen art. Softwaren er gratis at bruge. Dine husstandsdata er end-to-end-krypteret og opbevaret sikkert. Du bevarer ejerskabet over alt indhold, du opretter i appen.","Door Wohnly te gebruiken, ga je akkoord met de Servicevoorwaarden en het Privacybeleid die beschikbaar zijn op https://wohnly.app/privacy-policy. Wohnly wordt geleverd ""zoals het is"" zonder enige garantie. De software is gratis te gebruiken. Je huishoudgegevens zijn end-to-end versleuteld en veilig opgeslagen. Je behoudt het eigendom van alle inhoud die je in de app aanmaakt.","Kasutades Wohnlyt, nõustute teenuse tingimuste ja privaatsuspoliitikaga, mis on saadaval aadressil https://wohnly.app/privacy-policy. Wohnly pakutakse „nii nagu on"" ilma igasuguse garantiita. Tarkvara on tasuta kasutamiseks. Teie majapidamisandmed on täielikult krüpteeritud ja turvaliselt salvestatud. Säilitate omandiõiguse kõigele, mida rakenduses loote.","Käyttämällä Wohnlya hyväksyt palveluehdot ja tietosuojakäytännön, jotka ovat saatavilla osoitteessa https://wohnly.app/privacy-policy. Wohnly tarjotaan ""sellaisenaan"" ilman minkäänlaista takuuta. Ohjelmisto on ilmainen. Kotitaloustietosi on salattu päästä päähän ja tallennettu turvallisesti. Säilytät omistusoikeuden kaikkeen sovelluksessa luomaasi sisältöön.","Sa paggamit ng Wohnly, sumasang-ayon kayo sa Mga Tuntunin ng Serbisyo at Patakaran sa Privacy na makukuha sa https://wohnly.app/privacy-policy. Ang Wohnly ay ibinibigay nang ""tulad ng"" nang walang anumang garantiya. Ang software ay libre gamitin. Ang datos ng inyong sambahayan ay naka-encrypt nang end-to-end at ligtas na nakaimbak. Pinapanatili ninyo ang pagmamay-ari ng lahat ng nilalaman na nilikha ninyo sa loob ng app.","En utilisant Wohnly, vous acceptez les Conditions d'utilisation et la Politique de confidentialité disponibles sur https://wohnly.app/privacy-policy. Wohnly est fourni « en l'état » sans garantie d'aucune sorte. Le logiciel est gratuit. Les données de votre foyer sont chiffrées de bout en bout et stockées en toute sécurité. Vous conservez la propriété de tout le contenu que vous créez dans l'application.","Durch die Nutzung von Wohnly stimmst du den Nutzungsbedingungen und der Datenschutzrichtlinie zu, die unter https://wohnly.app/privacy-policy abrufbar sind. Wohnly wird ohne jegliche Gewährleistung „wie besehen"" bereitgestellt. Die Software ist kostenlos nutzbar. Deine Haushaltsdaten sind Ende-zu-Ende-verschlüsselt und sicher gespeichert. Du behältst das Eigentum an allen Inhalten, die du in der App erstellst.","Χρησιμοποιώντας το Wohnly, αποδέχεστε τους Όρους Χρήσης και την Πολιτική Απορρήτου που είναι διαθέσιμες στη διεύθυνση https://wohnly.app/privacy-policy. Το Wohnly παρέχεται «ως έχει» χωρίς καμία εγγύηση. Το λογισμικό είναι δωρεάν. Τα δεδομένα του νοικοκυριού σας είναι κρυπτογραφημένα από άκρο σε άκρο και αποθηκευμένα με ασφάλεια. Διατηρείτε την κυριότητα όλου του περιεχομένου που δημιουργείτε στην εφαρμογή.","Wohnly का उपयोग करके, आप https://wohnly.app/privacy-policy पर उपलब्ध सेवा की शर्तों और गोपनीयता नीति से सहमत होते हैं। Wohnly किसी भी प्रकार की वारंटी के बिना ""जैसा है"" प्रदान किया जाता है। सॉफ़्टवेयर उपयोग करने के लिए निःशुल्क है। आपका घरेलू डेटा एंड-टू-एंड एन्क्रिप्टेड और सुरक्षित रूप से संग्रहीत है। ऐप में आपके द्वारा बनाई गई सभी सामग्री का स्वामित्व आपके पास रहता है।","Með því að nota Wohnly samþykkir þú þjónustuskilmála og persónuverndarstefnu sem er fáanleg á https://wohnly.app/privacy-policy. Wohnly er veitt ""eins og það er"" án nokkurrar ábyrgðar. Hugbúnaðurinn er ókeypis. Heimilisgögn þín eru dulkóðuð frá enda til enda og geymd á öruggan hátt. Þú heldur eignarrétti yfir öllu efni sem þú býrð til í forritinu.","A Wohnly használatával elfogadod a https://wohnly.app/privacy-policy oldalon elérhető Felhasználási feltételeket és az Adatvédelmi szabályzatot. A Wohnly ""jelenlegi állapotában"" kerül biztosításra, mindenféle garancia nélkül. A szoftver ingyenesen használható. A háztartási adataid végpontok közötti titkosítással védettek és biztonságosan tárolódnak. Megtartod a tulajdonjogát az alkalmazásban létrehozott összes tartalom felett.","Dengan menggunakan Wohnly, Anda menyetujui Ketentuan Layanan dan Kebijakan Privasi yang tersedia di https://wohnly.app/privacy-policy. Wohnly disediakan ""apa adanya"" tanpa jaminan apa pun. Perangkat lunak ini gratis digunakan. Data rumah tangga Anda dienkripsi end-to-end dan disimpan dengan aman. Anda mempertahankan kepemilikan atas semua konten yang Anda buat di dalam aplikasi.","Utilizzando Wohnly, accetti i Termini di servizio e l'Informativa sulla privacy disponibili su https://wohnly.app/privacy-policy. Wohnly è fornito ""così com'è"" senza alcuna garanzia. Il software è gratuito. I dati della tua famiglia sono crittografati end-to-end e archiviati in modo sicuro. Mantieni la proprietà di tutti i contenuti che crei nell'app.","Wohnlyを使用することで、https://wohnly.app/privacy-policyで公開されている利用規約とプライバシーポリシーに同意したことになります。Wohnlyは「現状のまま」提供され、いかなる種類の保証もありません。ソフトウェアは無料でご利用いただけます。家庭データはエンドツーエンドで暗号化され、安全に保存されます。アプリ内で作成したすべてのコンテンツの所有権はユーザーに帰属します。","Wohnly를 사용함으로써 https://wohnly.app/privacy-policy에서 확인할 수 있는 서비스 약관 및 개인정보 처리방침에 동의합니다. Wohnly는 어떠한 보증도 없이 ""있는 그대로"" 제공됩니다. 소프트웨어는 무료로 사용할 수 있습니다. 가정 데이터는 종단간 암호화되어 안전하게 저장됩니다. 앱 내에서 생성한 모든 콘텐츠의 소유권은 사용자에게 있습니다.","Izmantojot Wohnly, jūs piekrītat Pakalpojumu noteikumiem un Privātuma politikai, kas pieejama vietnē https://wohnly.app/privacy-policy. Wohnly tiek nodrošināts ""tāds, kāds ir"" bez jebkādas garantijas. Programmatūra ir bezmaksas lietošanai. Jūsu mājsaimniecības dati ir pilnīgi šifrēti un droši glabāti. Jūs saglabājat īpašumtiesības uz visu lietotnes saturu, ko esat izveidojis.","Naudodami Wohnly, sutinkate su paslaugų teikimo sąlygomis ir privatumo politika, pateikta adresu https://wohnly.app/privacy-policy. Wohnly teikiamas „kaip yra"" be jokios garantijos. Programinė įranga yra nemokama. Jūsų namų ūkio duomenys yra šifruojami galinis-galinis ir saugiai saugomi. Jūs išlaikote visų programoje sukurto turinio nuosavybės teisę.","Dengan menggunakan Wohnly, anda bersetuju dengan Terma Perkhidmatan dan Dasar Privasi yang tersedia di https://wohnly.app/privacy-policy. Wohnly disediakan ""sebagaimana adanya"" tanpa sebarang jaminan. Perisian ini percuma digunakan. Data rumah tangga anda disulitkan hujung ke hujung dan disimpan dengan selamat. Anda mengekalkan pemilikan semua kandungan yang anda cipta dalam aplikasi.","Wohnly वापरून, तुम्ही https://wohnly.app/privacy-policy वर उपलब्ध सेवेच्या अटी आणि गोपनीयता धोरणाशी सहमत आहात. Wohnly कोणत्याही प्रकारच्या वॉरंटीशिवाय ""जसे आहे तसे"" प्रदान केले जाते. सॉफ्टवेअर वापरण्यास विनामूल्य आहे. तुमचा घरेलू डेटा एंड-टू-एंड एन्क्रिप्टेड आणि सुरक्षितपणे संग्रहीत आहे. अॅपमध्ये तुम्ही तयार केलेल्या सर्व सामग्रीची मालकी तुमच्याकडेच राहते.","Ved å bruke Wohnly godtar du Tjenestevilkårene og Personvernreglene tilgjengelig på https://wohnly.app/privacy-policy. Wohnly leveres ""som det er"" uten garanti av noe slag. Programvaren er gratis å bruke. Husstandsdataene dine er ende-til-ende-kryptert og lagret sikkert. Du beholder eierskapet til alt innhold du oppretter i appen.","Korzystając z Wohnly, zgadzasz się na Warunki korzystania z usługi i Politykę prywatności dostępne pod adresem https://wohnly.app/privacy-policy. Wohnly jest dostarczane „tak jak jest"" bez jakiejkolwiek gwarancji. Oprogramowanie jest bezpłatne w użyciu. Dane Twojego gospodarstwa domowego są zaszyfrowane end-to-end i bezpiecznie przechowywane. Zachowujesz własność wszystkich treści tworzonych w aplikacji.","Ao usar o Wohnly, você concorda com os Termos de Serviço e a Política de Privacidade disponíveis em https://wohnly.app/privacy-policy. O Wohnly é fornecido ""como está"" sem qualquer garantia. O software é gratuito. Os dados da sua casa são criptografados de ponta a ponta e armazenados com segurança. Você mantém a propriedade de todo o conteúdo criado no aplicativo.","Prin utilizarea Wohnly, ești de acord cu Termenii de Serviciu și Politica de Confidențialitate disponibile la https://wohnly.app/privacy-policy. Wohnly este furnizat „ca atare"" fără nicio garanție. Software-ul este gratuit. Datele gospodăriei tale sunt criptate end-to-end și stocate în siguranță. Îți păstrezi dreptul de proprietate asupra întregului conținut creat în aplicație.","Используя Wohnly, вы соглашаетесь с Условиями использования и Политикой конфиденциальности, доступными по адресу https://wohnly.app/privacy-policy. Wohnly предоставляется «как есть» без каких-либо гарантий. Программное обеспечение является бесплатным. Данные вашего домашнего хозяйства зашифрованы сквозным шифрованием и надёжно хранятся. Вы сохраняете право собственности на весь контент, созданный в приложении.","Коришћењем Wohnly, прихватате Услове коришћења и Политику приватности доступне на https://wohnly.app/privacy-policy. Wohnly се пружа „такав какав је"" без икакве гаранције.软вер је бесплатан за коришћење. Подаци вашег домаћинства су шифровани с краја на крај и безбедно ускладиштени. Задржавате власништво над свим садржајем који направите у апликацији.","Používaním Wohnly súhlasíte s Podmienkami poskytovania služieb a Zásadami ochrany osobných údajov dostupnými na https://wohnly.app/privacy-policy. Wohnly je poskytovaný „tak ako je"" bez akejkoľvek záruky. Softvér je bezplatný na použitie. Dáta vašej domácnosti sú šifrované od konca ku koncu a bezpečne uložené. Zostávate vlastníkom všetkého obsahu, ktorý vytvoríte v aplikácii.","Z uporabo Wohnly se strinjate s Pogoji storitve in Pravilnikom o zasebnosti, ki so na voljo na https://wohnly.app/privacy-policy. Wohnly se zagotavlja ""takšen kot je"" brez kakršnega koli jamstva. Programska oprema je brezplačna za uporabo. Podatki vašega gospodinjstva so šifrirani od konca do konca in varno shranjeni. Ohranite lastništvo vse vsebine, ki jo ustvarite v aplikaciji.","Al usar Wohnly, aceptas los Términos de Servicio y la Política de Privacidad disponibles en https://wohnly.app/privacy-policy. Wohnly se proporciona ""tal cual"" sin garantía de ningún tipo. El software es de uso gratuito. Los datos de tu hogar están cifrados de extremo a extremo y almacenados de forma segura. Conservas la propiedad de todo el contenido que crees dentro de la aplicación.","Kwa kutumia Wohnly, unakubaliana na Masharti ya Huduma na Sera ya Faragha zinazopatikana kwenye https://wohnly.app/privacy-policy. Wohnly hutolewa ""kama ilivyo"" bila dhamana yoyote. Programu hii ni bure kutumia. Data ya nyumba yako imesimbwa fiche mwisho-kwa-mwisho na kuhifadhiwa salama. Unabaki na umiliki wa maudhui yote unayounda ndani ya programu.","Genom att använda Wohnly godkänner du Användarvillkoren och Integritetspolicyn som finns tillgängliga på https://wohnly.app/privacy-policy. Wohnly tillhandahålls ""i befintligt skick"" utan garanti av något slag. Programvaran är gratis att använda. Dina hushållsdata är heltäckande krypterade och säkert lagrade. Du behåller äganderätten till allt innehåll du skapar i appen.","Wohnly ஐ பயன்படுத்துவதன் மூலம், https://wohnly.app/privacy-policy இல் கிடைக்கும் சேவை விதிமுறைகள் மற்றும் தனியுரிமை கொள்கையை ஒப்புக்கொள்கிறீர்கள். Wohnly எந்த வகையான உத்தரவாதமும் இல்லாமல் ""இருக்கும்படியே"" வழங்கப்படுகிறது. மென்பொருள் இலவசமாக பயன்படுத்தலாம். உங்கள் வீட்டு தரவு முனை-முதல்-முனை குறியாக்கம் செய்யப்பட்டு பாதுகாப்பாக சேமிக்கப்படுகிறது. நீங்கள் செயலியில் உருவாக்கும் அனைத்து உள்ளடக்கங்களின் உரிமையை நீங்கள் வைத்திருக்கிறீர்கள்.","Wohnly ని ఉపయోగించడం ద్వారా, మీరు https://wohnly.app/privacy-policy లో అందుబాటులో ఉన్న సేవా నిబంధనలు మరియు గోప్యతా విధానంతో అంగీకరిస్తున్నారు. Wohnly ఎటువంటి వారంటీ లేకుండా ""ఉన్నట్లుగా"" అందించబడుతుంది. సాఫ్ట్‌వేర్ ఉచితంగా ఉపయోగించవచ్చు. మీ గృహ డేటా ఎండ్-టు-ఎండ్ ఎన్‌క్రిప్ట్ చేయబడి సురక్షితంగా నిల్వ చేయబడుతుంది. మీరు యాప్‌లో సృష్టించిన అన్ని కంటెంట్‌పై మీకు యాజమాన్యం ఉంటుంది.","การใช้งาน Wohnly ถือว่าคุณยอมรับข้อกำหนดการให้บริการและนโยบายความเป็นส่วนตัวที่ https://wohnly.app/privacy-policy Wohnly ให้บริการ ""ตามสภาพ"" โดยไม่มีการรับประกันใดๆ ซอฟต์แวร์นี้ใช้งานฟรี ข้อมูลครัวเรือนของคุณได้รับการเข้ารหัสแบบ end-to-end และจัดเก็บอย่างปลอดภัย คุณยังคงเป็นเจ้าของเนื้อหาทั้งหมดที่สร้างภายในแอป","Wohnly'yi kullanarak, https://wohnly.app/privacy-policy adresinde bulunan Hizmet Şartları ve Gizlilik Politikasını kabul etmiş olursunuz. Wohnly, hiçbir garanti olmaksızın ""olduğu gibi"" sağlanmaktadır. Yazılım ücretsiz kullanılabilir. Ev verileriniz uçtan uca şifrelenmiş ve güvenli bir şekilde depolanmıştır. Uygulama içinde oluşturduğunuz tüm içeriklerin mülkiyetini siz korursunuz.","Використовуючи Wohnly, ви погоджуєтеся з Умовами надання послуг та Політикою конфіденційності, доступними за адресою https://wohnly.app/privacy-policy. Wohnly надається «як є» без будь-яких гарантій. Програмне забезпечення є безкоштовним. Дані вашого домогосподарства зашифровані наскрізним шифруванням і надійно зберігаються. Ви зберігаєте право власності на весь вміст, створений у застосунку.","Bằng cách sử dụng Wohnly, bạn đồng ý với Điều khoản Dịch vụ và Chính sách Quyền riêng tư có tại https://wohnly.app/privacy-policy. Wohnly được cung cấp ""như hiện có"" mà không có bảo đảm nào. Phần mềm miễn phí sử dụng. Dữ liệu gia đình của bạn được mã hóa đầu cuối và lưu trữ an toàn. Bạn giữ quyền sở hữu tất cả nội dung bạn tạo trong ứng dụng.","By using Wohnly, you agree to the Terms of Service and Privacy Policy available at https://wohnly.app/privacy-policy. Wohnly is provided ""as is"" without warranty of any kind. The software is free to use. Your household data is end-to-end encrypted and stored securely. You retain ownership of all content you create within the app."
"Copyright","Text","Copyright 2026 Thomas Scheiber. All rights reserved.","Copyright 2026 Thomas Scheiber. All rights reserved.","Copyright 2026 Thomas Scheiber. All rights reserved.","Copyright 2026 Thomas Scheiber. All rights reserved.","Copyright 2026 Thomas Scheiber. All rights reserved.","Copyright 2026 Thomas Scheiber. All rights reserved.","Copyright 2026 Thomas Scheiber. All rights reserved.","Copyright 2026 Thomas Scheiber. All rights reserved.","Copyright 2026 Thomas Scheiber. All rights reserved.","Copyright 2026 Thomas Scheiber. All rights reserved.","Copyright 2026 Thomas Scheiber. All rights reserved.","Copyright 2026 Thomas Scheiber. All rights reserved.","Copyright 2026 Thomas Scheiber. All rights reserved.","Copyright 2026 Thomas Scheiber. All rights reserved.","Copyright 2026 Thomas Scheiber. All rights reserved.","Copyright 2026 Thomas Scheiber. All rights reserved.","Copyright 2026 Thomas Scheiber. All rights reserved.","Copyright 2026 Thomas Scheiber. All rights reserved.","Copyright 2026 Thomas Scheiber. All rights reserved.","Copyright 2026 Thomas Scheiber. All rights reserved.","Copyright 2026 Thomas Scheiber. All rights reserved.","Copyright 2026 Thomas Scheiber. All rights reserved.","Copyright 2026 Thomas Scheiber. All rights reserved.","Copyright 2026 Thomas Scheiber. All rights reserved.","Copyright 2026 Thomas Scheiber. All rights reserved.","Copyright 2026 Thomas Scheiber. All rights reserved.","Copyright 2026 Thomas Scheiber. All rights reserved.","Copyright 2026 Thomas Scheiber. All rights reserved.","Copyright 2026 Thomas Scheiber. All rights reserved.","Copyright 2026 Thomas Scheiber. All rights reserved.","Copyright 2026 Thomas Scheiber. All rights reserved.","Copyright 2026 Thomas Scheiber. All rights reserved.","Copyright 2026 Thomas Scheiber. All rights reserved.","Copyright 2026 Thomas Scheiber. All rights reserved.","Copyright 2026 Thomas Scheiber. All rights reserved.","Copyright 2026 Thomas Scheiber. All rights reserved.","Copyright 2026 Thomas Scheiber. All rights reserved.","Copyright 2026 Thomas Scheiber. All rights reserved.","Copyright 2026 Thomas Scheiber. All rights reserved.","Copyright 2026 Thomas Scheiber. All rights reserved.","Copyright 2026 Thomas Scheiber. All rights reserved.","Copyright 2026 Thomas Scheiber. All rights reserved."
"DevelopedBy","Text","Thomas Scheiber","Thomas Scheiber","Thomas Scheiber","Thomas Scheiber","Thomas Scheiber","Thomas Scheiber","Thomas Scheiber","Thomas Scheiber","Thomas Scheiber","Thomas Scheiber","Thomas Scheiber","Thomas Scheiber","Thomas Scheiber","Thomas Scheiber","Thomas Scheiber","Thomas Scheiber","Thomas Scheiber","Thomas Scheiber","Thomas Scheiber","Thomas Scheiber","Thomas Scheiber","Thomas Scheiber","Thomas Scheiber","Thomas Scheiber","Thomas Scheiber","Thomas Scheiber","Thomas Scheiber","Thomas Scheiber","Thomas Scheiber","Thomas Scheiber","Thomas Scheiber","Thomas Scheiber","Thomas Scheiber","Thomas Scheiber","Thomas Scheiber","Thomas Scheiber","Thomas Scheiber","Thomas Scheiber","Thomas Scheiber","Thomas Scheiber","Thomas Scheiber","Thomas Scheiber"
"RequirementsMinimum1","Text","","","","","","","","","","","","","","","","","","","","","","","","","","","","","","","","","","","","","","","","","",""
"RequirementsMinimum2","Text","","","","","","","","","","","","","","","","","","","","","","","","","","","","","","","","","","","","","","","","","",""
"RequirementsMinimum3","Text","","","","","","","","","","","","","","","","","","","","","","","","","","","","","","","","","","","","","","","","","",""
"RequirementsMinimum4","Text","","","","","","","","","","","","","","","","","","","","","","","","","","","","","","","","","","","","","","","","","",""
"RequirementsMinimum5","Text","","","","","","","","","","","","","","","","","","","","","","","","","","","","","","","","","","","","","","","","","",""
"RequirementsMinimum6","Text","","","","","","","","","","","","","","","","","","","","","","","","","","","","","","","","","","","","","","","","","",""
"RequirementsMinimum7","Text","","","","","","","","","","","","","","","","","","","","","","","","","","","","","","","","","","","","","","","","","",""
"RequirementsMinimum8","Text","","","","","","","","","","","","","","","","","","","","","","","","","","","","","","","","","","","","","","","","","",""
"RequirementsMinimum9","Text","","","","","","","","","","","","","","","","","","","","","","","","","","","","","","","","","","","","","","","","","",""
"RequirementsMinimum10","Text","","","","","","","","","","","","","","","","","","","","","","","","","","","","","","","","","","","","","","","","","",""
"RequirementsMinimum11","Text","","","","","","","","","","","","","","","","","","","","","","","","","","","","","","","","","","","","","","","","","",""
"RequirementsRecommended1","Text","","","","","","","","","","","","","","","","","","","","","","","","","","","","","","","","","","","","","","","","","",""
"RequirementsRecommended2","Text","","","","","","","","","","","","","","","","","","","","","","","","","","","","","","","","","","","","","","","","","",""
"RequirementsRecommended3","Text","","","","","","","","","","","","","","","","","","","","","","","","","","","","","","","","","","","","","","","","","",""
"RequirementsRecommended4","Text","","","","","","","","","","","","","","","","","","","","","","","","","","","","","","","","","","","","","","","","","",""
"RequirementsRecommended5","Text","","","","","","","","","","","","","","","","","","","","","","","","","","","","","","","","","","","","","","","","","",""
"RequirementsRecommended6","Text","","","","","","","","","","","","","","","","","","","","","","","","","","","","","","","","","","","","","","","","","",""
"RequirementsRecommended7","Text","","","","","","","","","","","","","","","","","","","","","","","","","","","","","","","","","","","","","","","","","",""
"RequirementsRecommended8","Text","","","","","","","","","","","","","","","","","","","","","","","","","","","","","","","","","","","","","","","","","",""
"RequirementsRecommended9","Text","","","","","","","","","","","","","","","","","","","","","","","","","","","","","","","","","","","","","","","","","",""
"RequirementsRecommended10","Text","","","","","","","","","","","","","","","","","","","","","","","","","","","","","","","","","","","","","","","","","",""
"RequirementsRecommended11","Text","","","","","","","","","","","","","","","","","","","","","","","","","","","","","","","","","","","","","","","","","",""
"StoreLogos1","Provide the file name only if it is in the same folder. Provide relative path to image starting with the subfolder name otherwise","","","","","","","","","","","","","","","","","","","","","","","","","","","","","","","","","","","","","","","","","",""
"StoreLogos2","Provide the file name only if it is in the same folder. Provide relative path to image starting with the subfolder name otherwise","","","","","","","","","","","","","","","","","","","","","","","","","","","","","","","","","","","","","","","","","",""
"Screenshots1","Provide the file name only if it is in the same folder. Provide relative path to image starting with the subfolder name otherwise","","","","","","","","","","","","","","","","","","","","","","","","","","","","","","","","","","","","","","","","","",""
"Screenshots2","Provide the file name only if it is in the same folder. Provide relative path to image starting with the subfolder name otherwise","","","","","","","","","","","","","","","","","","","","","","","","","","","","","","","","","","","","","","","","","",""
"Screenshots3","Provide the file name only if it is in the same folder. Provide relative path to image starting with the subfolder name otherwise","","","","","","","","","","","","","","","","","","","","","","","","","","","","","","","","","","","","","","","","","",""
"Screenshots4","Provide the file name only if it is in the same folder. Provide relative path to image starting with the subfolder name otherwise","","","","","","","","","","","","","","","","","","","","","","","","","","","","","","","","","","","","","","","","","",""
"Screenshots5","Provide the file name only if it is in the same folder. Provide relative path to image starting with the subfolder name otherwise","","","","","","","","","","","","","","","","","","","","","","","","","","","","","","","","","","","","","","","","","",""
"Screenshots6","Provide the file name only if it is in the same folder. Provide relative path to image starting with the subfolder name otherwise","","","","","","","","","","","","","","","","","","","","","","","","","","","","","","","","","","","","","","","","","",""
"Screenshots7","Provide the file name only if it is in the same folder. Provide relative path to image starting with the subfolder name otherwise","","","","","","","","","","","","","","","","","","","","","","","","","","","","","","","","","","","","","","","","","",""
"Screenshots8","Provide the file name only if it is in the same folder. Provide relative path to image starting with the subfolder name otherwise","","","","","","","","","","","","","","","","","","","","","","","","","","","","","","","","","","","","","","","","","",""
"Screenshots9","Provide the file name only if it is in the same folder. Provide relative path to image starting with the subfolder name otherwise","","","","","","","","","","","","","","","","","","","","","","","","","","","","","","","","","","","","","","","","","",""
"Screenshots10","Provide the file name only if it is in the same folder. Provide relative path to image starting with the subfolder name otherwise","","","","","","","","","","","","","","","","","","","","","","","","","","","","","","","","","","","","","","","","","",""
"HeroArts","Text","","","","","","","","","","","","","","","","","","","","","","","","","","","","","","","","","","","","","","","","","",""
"Trailers","Text","","","","","","","","","","","","","","","","","","","","","","","","","","","","","","","","","","","","","","","","","",""
